"zip_code","area_rent_br0","area_rent_br1","area_rent_br2","area_rent_br3","area_rent_br4","Year","city","county"
60004,1120,1260,1460,1850,2210,2020,"Arlington Heights","Cook"
60005,1000,1120,1300,1650,1970,2020,"Arlington Heights","Cook"
60007,1010,1140,1320,1680,2000,2020,"Elk Grove Village","Cook"
60008,1100,1240,1440,1830,2180,2020,"Rolling Meadows","Cook"
60016,1030,1160,1350,1710,2040,2020,"Des Plaines","Cook"
60018,840,950,1100,1400,1660,2020,"Des Plaines","Cook"
60022,1060,1200,1390,1770,2100,2020,"Glencoe","Cook"
60025,1070,1210,1400,1780,2120,2020,"Glenview","Cook"
60026,1380,1550,1800,2290,2720,2020,"Glenview Nas","Cook"
60029,1190,1340,1550,1980,2350,2020,"Golf","Cook"
60043,1430,1610,1870,2380,2830,2020,"Kenilworth","Cook"
60053,1430,1610,1870,2380,2830,2020,"Morton Grove","Cook"
60056,1000,1120,1300,1650,1970,2020,"Mount Prospect","Cook"
60062,1330,1490,1730,2200,2620,2020,"Northbrook","Cook"
60067,1140,1290,1490,1890,2250,2020,"Palatine","Cook"
60068,1080,1220,1410,1790,2130,2020,"Park Ridge","Cook"
60070,890,1000,1160,1470,1750,2020,"Prospect Heights","Cook"
60074,1000,1130,1310,1660,1980,2020,"Palatine","Cook"
60076,1090,1220,1420,1800,2150,2020,"Skokie","Cook"
60077,1040,1170,1360,1730,2060,2020,"Skokie","Cook"
60090,1060,1190,1380,1750,2090,2020,"Wheeling","Cook"
60091,1430,1610,1870,2380,2830,2020,"Wilmette","Cook"
60093,1430,1610,1870,2380,2830,2020,"Winnetka","Cook"
60103,1240,1400,1620,2060,2450,2020,"Bartlett","Cook"
60104,960,1080,1250,1590,1890,2020,"Bellwood","Cook"
60107,1410,1590,1840,2340,2780,2020,"Streamwood","Cook"
60130,880,990,1150,1460,1740,2020,"Forest Park","Cook"
60131,750,850,980,1240,1480,2020,"Franklin Park","Cook"
60133,1060,1200,1390,1770,2100,2020,"Hanover Park","Cook"
60141,840,950,1100,1400,1670,2020,"Hines","Cook"
60153,850,960,1110,1410,1680,2020,"Maywood","Cook"
60154,1180,1330,1540,1960,2330,2020,"Westchester","Cook"
60155,830,930,1080,1370,1630,2020,"Broadview","Cook"
60160,830,930,1080,1370,1630,2020,"Melrose Park","Cook"
60162,900,1020,1180,1500,1780,2020,"Hillside","Cook"
60163,880,990,1150,1460,1740,2020,"Berkeley","Cook"
60164,770,860,1000,1270,1510,2020,"Melrose Park","Cook"
60165,950,1070,1240,1580,1880,2020,"Stone Park","Cook"
60169,1030,1160,1350,1710,2040,2020,"Hoffman Estates","Cook"
60171,800,910,1050,1330,1590,2020,"River Grove","Cook"
60173,1300,1470,1700,2160,2570,2020,"Schaumburg","Cook"
60176,800,910,1050,1330,1590,2020,"Schiller Park","Cook"
60192,1430,1610,1870,2380,2830,2020,"Schaumburg","Cook"
60193,1190,1350,1560,1980,2360,2020,"Schaumburg","Cook"
60194,1270,1430,1660,2110,2510,2020,"Schaumburg","Cook"
60195,1100,1240,1440,1830,2180,2020,"Schaumburg","Cook"
60201,1320,1480,1720,2190,2600,2020,"Evanston","Cook"
60202,1140,1290,1490,1890,2250,2020,"Evanston","Cook"
60203,1330,1500,1740,2210,2630,2020,"Evanston","Cook"
60301,1430,1610,1870,2380,2830,2020,"Oak Park","Cook"
60302,1250,1410,1630,2070,2470,2020,"Oak Park","Cook"
60304,1020,1150,1330,1690,2010,2020,"Oak Park","Cook"
60305,1130,1270,1470,1870,2220,2020,"River Forest","Cook"
60402,900,1010,1170,1490,1770,2020,"Berwyn","Cook"
60406,740,840,970,1230,1470,2020,"Blue Island","Cook"
60409,910,1030,1190,1510,1800,2020,"Calumet City","Cook"
60411,810,910,1060,1350,1600,2020,"Chicago Heights","Cook"
60415,850,960,1110,1410,1680,2020,"Chicago Ridge","Cook"
60418,930,1050,1220,1550,1850,2020,"Crestwood","Cook"
60419,1040,1170,1360,1730,2060,2020,"Dolton","Cook"
60422,1430,1610,1870,2380,2830,2020,"Flossmoor","Cook"
60425,880,990,1150,1460,1740,2020,"Glenwood","Cook"
60426,800,910,1050,1330,1590,2020,"Harvey","Cook"
60428,1060,1190,1380,1750,2090,2020,"Markham","Cook"
60429,1170,1320,1530,1940,2310,2020,"Hazel Crest","Cook"
60430,1040,1170,1360,1730,2060,2020,"Homewood","Cook"
60438,870,980,1140,1450,1720,2020,"Lansing","Cook"
60443,1060,1190,1380,1750,2090,2020,"Matteson","Cook"
60445,840,950,1100,1400,1660,2020,"Midlothian","Cook"
60452,870,970,1130,1440,1710,2020,"Oak Forest","Cook"
60453,970,1100,1270,1610,1920,2020,"Oak Lawn","Cook"
60455,800,910,1050,1330,1590,2020,"Bridgeview","Cook"
60456,940,1060,1230,1560,1860,2020,"Hometown","Cook"
60457,820,920,1070,1360,1620,2020,"Hickory Hills","Cook"
60458,850,960,1110,1410,1680,2020,"Justice","Cook"
60459,930,1050,1220,1550,1850,2020,"Burbank","Cook"
60461,1430,1610,1870,2380,2830,2020,"Olympia Fields","Cook"
60462,1020,1150,1330,1690,2010,2020,"Orland Park","Cook"
60463,1430,1610,1870,2380,2830,2020,"Palos Heights","Cook"
60464,1170,1320,1530,1950,2320,2020,"Palos Park","Cook"
60465,900,1010,1170,1490,1770,2020,"Palos Hills","Cook"
60466,980,1100,1280,1630,1940,2020,"Park Forest","Cook"
60467,1430,1610,1870,2380,2830,2020,"Orland Park","Cook"
60469,930,1040,1210,1540,1830,2020,"Posen","Cook"
60471,960,1080,1250,1590,1890,2020,"Richton Park","Cook"
60472,790,890,1030,1310,1560,2020,"Robbins","Cook"
60473,1270,1430,1660,2110,2510,2020,"South Holland","Cook"
60475,770,870,1010,1280,1530,2020,"Steger","Cook"
60476,720,810,940,1190,1420,2020,"Thornton","Cook"
60477,980,1100,1280,1630,1940,2020,"Tinley Park","Cook"
60478,1190,1350,1560,1980,2360,2020,"Country Club Hills","Cook"
60480,940,1060,1230,1560,1860,2020,"Willow Springs","Cook"
60482,800,900,1040,1320,1570,2020,"Worth","Cook"
60487,960,1080,1250,1590,1890,2020,"Tinley Park","Cook"
60501,760,850,990,1260,1500,2020,"Summit Argo","Cook"
60513,910,1030,1190,1510,1800,2020,"Brookfield","Cook"
60525,940,1060,1230,1560,1860,2020,"La Grange","Cook"
60526,900,1020,1180,1500,1780,2020,"La Grange Park","Cook"
60534,860,970,1120,1420,1690,2020,"Lyons","Cook"
60546,830,940,1090,1380,1650,2020,"Riverside","Cook"
60558,1430,1610,1870,2380,2830,2020,"Western Springs","Cook"
60601,1430,1610,1870,2380,2830,2020,"Chicago","Cook"
60602,1430,1610,1870,2380,2830,2020,"Chicago","Cook"
60603,1430,1610,1870,2380,2830,2020,"Chicago","Cook"
60604,1430,1610,1870,2380,2830,2020,"Chicago","Cook"
60605,1430,1610,1870,2380,2830,2020,"Chicago","Cook"
60606,1430,1610,1870,2380,2830,2020,"Chicago","Cook"
60607,1430,1610,1870,2380,2830,2020,"Chicago","Cook"
60608,750,850,980,1240,1480,2020,"Chicago","Cook"
60609,690,780,900,1140,1360,2020,"Chicago","Cook"
60610,1430,1610,1870,2380,2830,2020,"Chicago","Cook"
60611,1430,1610,1870,2380,2830,2020,"Chicago","Cook"
60612,1010,1140,1320,1680,2000,2020,"Chicago","Cook"
60613,1430,1610,1870,2380,2830,2020,"Chicago","Cook"
60614,1430,1610,1870,2380,2830,2020,"Chicago","Cook"
60615,1100,1230,1430,1820,2160,2020,"Chicago","Cook"
60616,900,1010,1170,1490,1770,2020,"Chicago","Cook"
60617,730,820,950,1210,1440,2020,"Chicago","Cook"
60618,1000,1130,1310,1660,1980,2020,"Chicago","Cook"
60619,840,950,1100,1400,1660,2020,"Chicago","Cook"
60620,830,930,1080,1370,1630,2020,"Chicago","Cook"
60621,760,850,990,1260,1500,2020,"Chicago","Cook"
60622,1190,1340,1550,1970,2340,2020,"Chicago","Cook"
60623,700,790,920,1170,1390,2020,"Chicago","Cook"
60624,810,910,1060,1350,1600,2020,"Chicago","Cook"
60625,1030,1160,1350,1710,2040,2020,"Chicago","Cook"
60626,1060,1200,1390,1770,2100,2020,"Chicago","Cook"
60628,810,910,1060,1350,1600,2020,"Chicago","Cook"
60629,800,900,1040,1320,1570,2020,"Chicago","Cook"
60630,950,1070,1240,1580,1880,2020,"Chicago","Cook"
60631,990,1110,1290,1640,1950,2020,"Chicago","Cook"
60632,740,840,970,1230,1470,2020,"Chicago","Cook"
60633,800,910,1050,1330,1590,2020,"Chicago","Cook"
60634,930,1040,1210,1540,1830,2020,"Chicago","Cook"
60636,770,860,1000,1270,1510,2020,"Chicago","Cook"
60637,860,970,1120,1420,1690,2020,"Chicago","Cook"
60638,840,950,1100,1400,1660,2020,"Chicago","Cook"
60639,860,970,1120,1420,1690,2020,"Chicago","Cook"
60640,1160,1300,1510,1920,2280,2020,"Chicago","Cook"
60641,920,1030,1200,1520,1820,2020,"Chicago","Cook"
60642,1280,1440,1670,2120,2530,2020,"Chicago","Cook"
60643,860,970,1120,1420,1690,2020,"Chicago","Cook"
60644,840,950,1100,1400,1660,2020,"Chicago","Cook"
60645,1000,1130,1310,1660,1980,2020,"Chicago","Cook"
60646,830,940,1090,1380,1650,2020,"Chicago","Cook"
60647,1020,1150,1330,1690,2010,2020,"Chicago","Cook"
60649,850,960,1110,1410,1680,2020,"Chicago","Cook"
60651,830,940,1090,1380,1650,2020,"Chicago","Cook"
60652,920,1030,1200,1520,1820,2020,"Chicago","Cook"
60653,830,930,1080,1370,1630,2020,"Chicago","Cook"
60654,1430,1610,1870,2380,2830,2020,"Chicago","Cook"
60655,940,1060,1230,1560,1860,2020,"Chicago","Cook"
60656,940,1060,1230,1560,1860,2020,"Chicago","Cook"
60657,1430,1610,1870,2380,2830,2020,"Chicago","Cook"
60659,1000,1130,1310,1660,1980,2020,"Chicago","Cook"
60660,1200,1350,1570,1990,2370,2020,"Chicago","Cook"
60661,1430,1610,1870,2380,2830,2020,"Chicago","Cook"
60706,870,980,1140,1450,1720,2020,"Harwood Heights","Cook"
60707,910,1030,1190,1510,1800,2020,"Elmwood Park","Cook"
60712,1430,1610,1870,2380,2830,2020,"Lincolnwood","Cook"
60714,920,1030,1200,1520,1820,2020,"Niles","Cook"
60803,830,930,1080,1370,1630,2020,"Alsip","Cook"
60804,790,890,1030,1310,1560,2020,"Cicero","Cook"
60805,880,990,1150,1460,1740,2020,"Evergreen Park","Cook"
60827,760,850,990,1260,1500,2020,"Riverdale","Cook"
60004,1720,1850,2110,2690,3180,2024,"Arlington Heights","Cook"
60005,1490,1600,1820,2320,2740,2024,"Arlington Heights","Cook"
60007,1530,1650,1880,2390,2830,2024,"Elk Grove Village","Cook"
60008,1590,1710,1950,2480,2940,2024,"Rolling Meadows","Cook"
60016,1460,1570,1790,2280,2700,2024,"Des Plaines","Cook"
60018,1190,1280,1460,1860,2200,2024,"Des Plaines","Cook"
60022,2040,2190,2500,3180,3770,2024,"Glencoe","Cook"
60025,1630,1760,2000,2550,3010,2024,"Glenview","Cook"
60026,1980,2140,2430,3090,3660,2024,"Glenview Nas","Cook"
60029,1760,1900,2160,2750,3250,2024,"Golf","Cook"
60043,2100,2260,2570,3270,3870,2024,"Kenilworth","Cook"
60053,2100,2260,2570,3270,3870,2024,"Morton Grove","Cook"
60056,1490,1600,1820,2320,2740,2024,"Mount Prospect","Cook"
60062,1860,2000,2280,2900,3440,2024,"Northbrook","Cook"
60067,1670,1800,2050,2610,3090,2024,"Palatine","Cook"
60068,1580,1710,1940,2470,2920,2024,"Park Ridge","Cook"
60070,1330,1430,1630,2080,2460,2024,"Prospect Heights","Cook"
60074,1450,1560,1780,2270,2680,2024,"Palatine","Cook"
60076,1520,1640,1860,2370,2800,2024,"Skokie","Cook"
60077,1440,1550,1760,2240,2650,2024,"Skokie","Cook"
60090,1530,1640,1870,2380,2820,2024,"Wheeling","Cook"
60091,1920,2070,2350,2990,3540,2024,"Wilmette","Cook"
60093,2090,2250,2560,3260,3860,2024,"Winnetka","Cook"
60103,1870,2010,2290,2920,3450,2024,"Bartlett","Cook"
60104,1220,1310,1490,1900,2250,2024,"Bellwood","Cook"
60107,1980,2140,2430,3090,3660,2024,"Streamwood","Cook"
60130,1310,1410,1600,2040,2410,2024,"Forest Park","Cook"
60131,1110,1200,1360,1730,2050,2024,"Franklin Park","Cook"
60133,1530,1650,1880,2390,2830,2024,"Hanover Park","Cook"
60141,1230,1320,1500,1910,2260,2024,"Hines","Cook"
60153,1180,1270,1440,1830,2170,2024,"Maywood","Cook"
60154,1710,1840,2090,2660,3150,2024,"Westchester","Cook"
60155,1160,1250,1420,1810,2140,2024,"Broadview","Cook"
60160,1220,1320,1500,1910,2260,2024,"Melrose Park","Cook"
60162,1440,1550,1760,2240,2650,2024,"Hillside","Cook"
60163,1130,1220,1390,1770,2090,2024,"Berkeley","Cook"
60164,1110,1200,1360,1730,2050,2024,"Melrose Park","Cook"
60165,1220,1320,1500,1910,2260,2024,"Stone Park","Cook"
60169,1590,1710,1950,2480,2940,2024,"Hoffman Estates","Cook"
60171,1190,1280,1460,1860,2200,2024,"River Grove","Cook"
60173,1870,2010,2290,2920,3450,2024,"Schaumburg","Cook"
60176,1270,1370,1560,1990,2350,2024,"Schiller Park","Cook"
60192,2100,2260,2570,3270,3870,2024,"Schaumburg","Cook"
60193,1760,1900,2160,2750,3250,2024,"Schaumburg","Cook"
60194,1800,1940,2210,2810,3330,2024,"Schaumburg","Cook"
60195,1680,1810,2060,2620,3100,2024,"Schaumburg","Cook"
60201,1950,2100,2390,3040,3600,2024,"Evanston","Cook"
60202,1650,1780,2020,2570,3040,2024,"Evanston","Cook"
60203,2060,2220,2520,3210,3800,2024,"Evanston","Cook"
60208,1370,1480,1680,2140,2530,2024,"Evanston","Cook"
60301,2100,2260,2570,3270,3870,2024,"Oak Park","Cook"
60302,1480,1590,1810,2300,2730,2024,"Oak Park","Cook"
60304,1350,1450,1650,2100,2490,2024,"Oak Park","Cook"
60305,1450,1560,1780,2270,2680,2024,"River Forest","Cook"
60402,1290,1390,1580,2010,2380,2024,"Berwyn","Cook"
60406,1060,1140,1300,1650,1960,2024,"Blue Island","Cook"
60409,1150,1240,1410,1790,2120,2024,"Calumet City","Cook"
60411,1130,1220,1390,1770,2090,2024,"Chicago Heights","Cook"
60415,1160,1250,1420,1810,2140,2024,"Chicago Ridge","Cook"
60418,1370,1480,1680,2140,2530,2024,"Crestwood","Cook"
60419,1560,1680,1910,2430,2880,2024,"Dolton","Cook"
60422,2100,2260,2570,3270,3870,2024,"Flossmoor","Cook"
60425,1750,1880,2140,2720,3220,2024,"Glenwood","Cook"
60426,1140,1230,1400,1780,2110,2024,"Harvey","Cook"
60428,1600,1720,1960,2500,2950,2024,"Markham","Cook"
60429,1620,1740,1980,2520,2980,2024,"Hazel Crest","Cook"
60430,1360,1470,1670,2130,2520,2024,"Homewood","Cook"
60438,1210,1300,1480,1880,2230,2024,"Lansing","Cook"
60443,1560,1680,1910,2430,2880,2024,"Matteson","Cook"
60445,1180,1270,1450,1850,2190,2024,"Midlothian","Cook"
60452,1270,1360,1550,1970,2340,2024,"Oak Forest","Cook"
60453,1290,1390,1580,2010,2380,2024,"Oak Lawn","Cook"
60455,1110,1200,1360,1730,2050,2024,"Bridgeview","Cook"
60456,1360,1460,1660,2120,2510,2024,"Hometown","Cook"
60457,1130,1220,1390,1770,2090,2024,"Hickory Hills","Cook"
60458,1280,1380,1570,2000,2370,2024,"Justice","Cook"
60459,1310,1420,1610,2050,2430,2024,"Burbank","Cook"
60461,2100,2260,2570,3270,3870,2024,"Olympia Fields","Cook"
60462,1460,1570,1790,2280,2700,2024,"Orland Park","Cook"
60463,1760,1900,2160,2750,3250,2024,"Palos Heights","Cook"
60464,2030,2190,2490,3170,3750,2024,"Palos Park","Cook"
60465,1270,1360,1550,1970,2340,2024,"Palos Hills","Cook"
60466,1460,1570,1790,2280,2700,2024,"Park Forest","Cook"
60467,1590,1710,1950,2480,2940,2024,"Orland Park","Cook"
60469,1260,1350,1540,1960,2320,2024,"Posen","Cook"
60471,1310,1410,1600,2040,2410,2024,"Richton Park","Cook"
60472,1190,1280,1460,1860,2200,2024,"Robbins","Cook"
60473,1800,1940,2210,2810,3330,2024,"South Holland","Cook"
60475,1070,1150,1310,1670,1970,2024,"Steger","Cook"
60476,1220,1310,1490,1900,2250,2024,"Thornton","Cook"
60477,1390,1490,1700,2160,2560,2024,"Tinley Park","Cook"
60478,1730,1860,2120,2700,3190,2024,"Country Club Hills","Cook"
60480,1400,1510,1720,2190,2590,2024,"Willow Springs","Cook"
60482,1180,1270,1450,1850,2190,2024,"Worth","Cook"
60487,1360,1460,1660,2110,2500,2024,"Tinley Park","Cook"
60501,1040,1120,1270,1620,1910,2024,"Summit Argo","Cook"
60513,1220,1320,1500,1910,2260,2024,"Brookfield","Cook"
60525,1350,1450,1650,2100,2490,2024,"La Grange","Cook"
60526,1360,1460,1660,2110,2500,2024,"La Grange Park","Cook"
60534,1160,1250,1420,1810,2140,2024,"Lyons","Cook"
60546,1280,1380,1570,2000,2370,2024,"Riverside","Cook"
60558,2100,2260,2570,3270,3870,2024,"Western Springs","Cook"
60601,2100,2260,2570,3270,3870,2024,"Chicago","Cook"
60602,2100,2260,2570,3270,3870,2024,"Chicago","Cook"
60603,2100,2260,2570,3270,3870,2024,"Chicago","Cook"
60604,2100,2260,2570,3270,3870,2024,"Chicago","Cook"
60605,2100,2260,2570,3270,3870,2024,"Chicago","Cook"
60606,2100,2260,2570,3270,3870,2024,"Chicago","Cook"
60607,2100,2260,2570,3270,3870,2024,"Chicago","Cook"
60608,1140,1230,1400,1780,2110,2024,"Chicago","Cook"
60609,960,1040,1180,1500,1780,2024,"Chicago","Cook"
60610,2100,2260,2570,3270,3870,2024,"Chicago","Cook"
60611,2100,2260,2570,3270,3870,2024,"Chicago","Cook"
60612,1450,1560,1770,2250,2670,2024,"Chicago","Cook"
60613,2100,2260,2570,3270,3870,2024,"Chicago","Cook"
60614,2100,2260,2570,3270,3870,2024,"Chicago","Cook"
60615,1620,1740,1980,2520,2980,2024,"Chicago","Cook"
60616,1430,1540,1750,2230,2640,2024,"Chicago","Cook"
60617,1000,1070,1220,1550,1840,2024,"Chicago","Cook"
60618,1500,1620,1840,2340,2770,2024,"Chicago","Cook"
60619,1150,1240,1410,1790,2120,2024,"Chicago","Cook"
60620,1150,1240,1410,1790,2120,2024,"Chicago","Cook"
60621,1050,1130,1280,1630,1930,2024,"Chicago","Cook"
60622,1920,2070,2350,2990,3540,2024,"Chicago","Cook"
60623,1030,1110,1260,1600,1900,2024,"Chicago","Cook"
60624,1190,1280,1460,1860,2200,2024,"Chicago","Cook"
60625,1620,1740,1980,2520,2980,2024,"Chicago","Cook"
60626,1540,1660,1890,2410,2850,2024,"Chicago","Cook"
60628,1160,1250,1420,1810,2140,2024,"Chicago","Cook"
60629,1080,1160,1320,1680,1990,2024,"Chicago","Cook"
60630,1410,1520,1730,2200,2610,2024,"Chicago","Cook"
60631,1360,1470,1670,2130,2520,2024,"Chicago","Cook"
60632,1020,1100,1250,1590,1880,2024,"Chicago","Cook"
60633,1150,1240,1410,1790,2120,2024,"Chicago","Cook"
60634,1340,1440,1640,2090,2470,2024,"Chicago","Cook"
60636,1000,1070,1220,1550,1840,2024,"Chicago","Cook"
60637,1190,1280,1460,1860,2200,2024,"Chicago","Cook"
60638,1220,1320,1500,1910,2260,2024,"Chicago","Cook"
60639,1230,1330,1510,1920,2280,2024,"Chicago","Cook"
60640,1770,1910,2170,2760,3270,2024,"Chicago","Cook"
60641,1350,1450,1650,2100,2490,2024,"Chicago","Cook"
60642,2100,2260,2570,3270,3870,2024,"Chicago","Cook"
60643,1290,1390,1580,2010,2380,2024,"Chicago","Cook"
60644,1180,1270,1440,1830,2170,2024,"Chicago","Cook"
60645,1500,1620,1840,2340,2770,2024,"Chicago","Cook"
60646,1370,1480,1680,2140,2530,2024,"Chicago","Cook"
60647,1630,1760,2000,2550,3010,2024,"Chicago","Cook"
60649,1220,1310,1490,1900,2250,2024,"Chicago","Cook"
60651,1240,1340,1520,1930,2290,2024,"Chicago","Cook"
60652,1450,1560,1780,2270,2680,2024,"Chicago","Cook"
60653,1140,1230,1400,1780,2110,2024,"Chicago","Cook"
60654,2100,2260,2570,3270,3870,2024,"Chicago","Cook"
60655,1310,1410,1600,2040,2410,2024,"Chicago","Cook"
60656,1400,1500,1710,2180,2580,2024,"Chicago","Cook"
60657,2100,2260,2570,3270,3870,2024,"Chicago","Cook"
60659,1450,1560,1770,2250,2670,2024,"Chicago","Cook"
60660,1680,1810,2060,2620,3100,2024,"Chicago","Cook"
60661,2100,2260,2570,3270,3870,2024,"Chicago","Cook"
60706,1260,1350,1540,1960,2320,2024,"Harwood Heights","Cook"
60707,1320,1420,1620,2060,2440,2024,"Elmwood Park","Cook"
60712,2100,2260,2570,3270,3870,2024,"Lincolnwood","Cook"
60714,1300,1400,1590,2020,2400,2024,"Niles","Cook"
60803,1130,1210,1380,1760,2080,2024,"Alsip","Cook"
60804,1160,1250,1420,1810,2140,2024,"Cicero","Cook"
60805,1350,1450,1650,2100,2490,2024,"Evergreen Park","Cook"
60827,1140,1230,1400,1780,2110,2024,"Riverdale","Cook"
60004,1430,1550,1780,2260,2690,2023,"Arlington Heights","Cook"
60005,1210,1320,1510,1920,2280,2023,"Arlington Heights","Cook"
60007,1250,1350,1550,1970,2340,2023,"Elk Grove Village","Cook"
60008,1320,1430,1640,2080,2470,2023,"Rolling Meadows","Cook"
60016,1230,1330,1530,1940,2310,2023,"Des Plaines","Cook"
60018,1010,1090,1250,1590,1890,2023,"Des Plaines","Cook"
60022,1690,1830,2100,2670,3180,2023,"Glencoe","Cook"
60025,1330,1440,1650,2090,2490,2023,"Glenview","Cook"
60026,1670,1810,2080,2640,3140,2023,"Glenview Nas","Cook"
60029,1450,1570,1810,2290,2720,2023,"Golf","Cook"
60043,1740,1880,2160,2740,3260,2023,"Kenilworth","Cook"
60053,1740,1880,2160,2740,3260,2023,"Morton Grove","Cook"
60056,1240,1340,1540,1950,2320,2023,"Mount Prospect","Cook"
60062,1510,1640,1880,2390,2840,2023,"Northbrook","Cook"
60067,1410,1530,1750,2220,2640,2023,"Palatine","Cook"
60068,1320,1430,1640,2080,2470,2023,"Park Ridge","Cook"
60070,1080,1170,1340,1700,2020,2023,"Prospect Heights","Cook"
60074,1210,1310,1500,1900,2260,2023,"Palatine","Cook"
60076,1280,1390,1590,2020,2400,2023,"Skokie","Cook"
60077,1220,1330,1520,1930,2290,2023,"Skokie","Cook"
60090,1290,1390,1600,2030,2410,2023,"Wheeling","Cook"
60091,1640,1780,2040,2590,3080,2023,"Wilmette","Cook"
60093,1740,1880,2160,2740,3260,2023,"Winnetka","Cook"
60103,1550,1680,1930,2450,2910,2023,"Bartlett","Cook"
60104,1050,1140,1310,1660,1980,2023,"Bellwood","Cook"
60107,1680,1820,2090,2650,3150,2023,"Streamwood","Cook"
60130,1080,1170,1340,1700,2020,2023,"Forest Park","Cook"
60131,880,960,1100,1400,1660,2023,"Franklin Park","Cook"
60133,1280,1390,1590,2020,2400,2023,"Hanover Park","Cook"
60141,1020,1100,1270,1610,1910,2023,"Hines","Cook"
60153,980,1060,1220,1550,1840,2023,"Maywood","Cook"
60154,1410,1530,1750,2220,2640,2023,"Westchester","Cook"
60155,980,1060,1220,1550,1840,2023,"Broadview","Cook"
60160,1040,1120,1290,1640,1950,2023,"Melrose Park","Cook"
60162,1160,1260,1440,1830,2170,2023,"Hillside","Cook"
60163,970,1050,1200,1520,1810,2023,"Berkeley","Cook"
60164,930,1010,1160,1470,1750,2023,"Melrose Park","Cook"
60165,1050,1140,1310,1660,1980,2023,"Stone Park","Cook"
60169,1320,1430,1640,2080,2470,2023,"Hoffman Estates","Cook"
60171,950,1030,1180,1500,1780,2023,"River Grove","Cook"
60173,1580,1710,1960,2490,2960,2023,"Schaumburg","Cook"
60176,1020,1110,1270,1610,1920,2023,"Schiller Park","Cook"
60192,1740,1880,2160,2740,3260,2023,"Schaumburg","Cook"
60193,1480,1600,1840,2330,2780,2023,"Schaumburg","Cook"
60194,1470,1600,1830,2320,2760,2023,"Schaumburg","Cook"
60195,1410,1530,1750,2220,2640,2023,"Schaumburg","Cook"
60201,1640,1780,2040,2590,3080,2023,"Evanston","Cook"
60202,1360,1470,1690,2140,2550,2023,"Evanston","Cook"
60203,1640,1780,2040,2590,3080,2023,"Evanston","Cook"
60208,1130,1230,1410,1790,2130,2023,"Evanston","Cook"
60301,1740,1880,2160,2740,3260,2023,"Oak Park","Cook"
60302,1240,1340,1540,1950,2320,2023,"Oak Park","Cook"
60304,1140,1240,1420,1800,2140,2023,"Oak Park","Cook"
60305,1180,1280,1470,1870,2220,2023,"River Forest","Cook"
60402,1080,1170,1340,1700,2020,2023,"Berwyn","Cook"
60406,880,950,1090,1380,1640,2023,"Blue Island","Cook"
60409,970,1050,1200,1520,1810,2023,"Calumet City","Cook"
60411,960,1040,1190,1510,1800,2023,"Chicago Heights","Cook"
60415,970,1050,1210,1540,1830,2023,"Chicago Ridge","Cook"
60418,1130,1230,1410,1790,2130,2023,"Crestwood","Cook"
60419,1280,1390,1590,2020,2400,2023,"Dolton","Cook"
60422,1740,1880,2160,2740,3260,2023,"Flossmoor","Cook"
60425,1420,1540,1770,2250,2670,2023,"Glenwood","Cook"
60426,970,1050,1200,1520,1810,2023,"Harvey","Cook"
60428,1300,1400,1610,2040,2430,2023,"Markham","Cook"
60429,1420,1540,1770,2250,2670,2023,"Hazel Crest","Cook"
60430,1150,1250,1430,1810,2160,2023,"Homewood","Cook"
60438,1010,1100,1260,1600,1900,2023,"Lansing","Cook"
60443,1260,1370,1570,1990,2370,2023,"Matteson","Cook"
60445,980,1060,1220,1550,1840,2023,"Midlothian","Cook"
60452,1060,1150,1320,1670,1990,2023,"Oak Forest","Cook"
60453,1110,1200,1380,1750,2080,2023,"Oak Lawn","Cook"
60455,940,1020,1170,1480,1760,2023,"Bridgeview","Cook"
60456,1140,1230,1420,1800,2140,2023,"Hometown","Cook"
60457,960,1040,1190,1510,1800,2023,"Hickory Hills","Cook"
60458,1060,1150,1320,1670,1990,2023,"Justice","Cook"
60459,1090,1190,1360,1730,2050,2023,"Burbank","Cook"
60461,1740,1880,2160,2740,3260,2023,"Olympia Fields","Cook"
60462,1210,1320,1510,1920,2280,2023,"Orland Park","Cook"
60463,1510,1640,1880,2390,2840,2023,"Palos Heights","Cook"
60464,1710,1850,2120,2690,3200,2023,"Palos Park","Cook"
60465,1050,1130,1300,1650,1960,2023,"Palos Hills","Cook"
60466,1210,1320,1510,1920,2280,2023,"Park Forest","Cook"
60467,1280,1390,1590,2020,2400,2023,"Orland Park","Cook"
60469,1050,1140,1310,1660,1980,2023,"Posen","Cook"
60471,1090,1190,1360,1730,2050,2023,"Richton Park","Cook"
60472,1000,1080,1240,1570,1870,2023,"Robbins","Cook"
60473,1460,1590,1820,2310,2750,2023,"South Holland","Cook"
60475,920,990,1140,1450,1720,2023,"Steger","Cook"
60476,970,1050,1200,1520,1810,2023,"Thornton","Cook"
60477,1170,1260,1450,1840,2190,2023,"Tinley Park","Cook"
60478,1360,1470,1690,2140,2550,2023,"Country Club Hills","Cook"
60480,1140,1240,1420,1800,2140,2023,"Willow Springs","Cook"
60482,970,1050,1200,1520,1810,2023,"Worth","Cook"
60487,1130,1230,1410,1790,2130,2023,"Tinley Park","Cook"
60501,870,940,1080,1370,1630,2023,"Summit Argo","Cook"
60513,1040,1120,1290,1640,1950,2023,"Brookfield","Cook"
60525,1090,1190,1360,1730,2050,2023,"La Grange","Cook"
60526,1130,1220,1400,1780,2110,2023,"La Grange Park","Cook"
60534,990,1070,1230,1560,1860,2023,"Lyons","Cook"
60546,1050,1140,1310,1660,1980,2023,"Riverside","Cook"
60558,1740,1880,2160,2740,3260,2023,"Western Springs","Cook"
60601,1740,1880,2160,2740,3260,2023,"Chicago","Cook"
60602,1740,1880,2160,2740,3260,2023,"Chicago","Cook"
60603,1740,1880,2160,2740,3260,2023,"Chicago","Cook"
60604,1740,1880,2160,2740,3260,2023,"Chicago","Cook"
60605,1740,1880,2160,2740,3260,2023,"Chicago","Cook"
60606,1740,1880,2160,2740,3260,2023,"Chicago","Cook"
60607,1740,1880,2160,2740,3260,2023,"Chicago","Cook"
60608,940,1020,1170,1480,1760,2023,"Chicago","Cook"
60609,800,860,990,1260,1490,2023,"Chicago","Cook"
60610,1740,1880,2160,2740,3260,2023,"Chicago","Cook"
60611,1740,1880,2160,2740,3260,2023,"Chicago","Cook"
60612,1240,1340,1540,1950,2320,2023,"Chicago","Cook"
60613,1740,1880,2160,2740,3260,2023,"Chicago","Cook"
60614,1740,1880,2160,2740,3260,2023,"Chicago","Cook"
60615,1310,1420,1630,2070,2460,2023,"Chicago","Cook"
60616,1140,1240,1420,1800,2140,2023,"Chicago","Cook"
60617,840,910,1040,1320,1570,2023,"Chicago","Cook"
60618,1250,1360,1560,1980,2350,2023,"Chicago","Cook"
60619,970,1050,1210,1540,1830,2023,"Chicago","Cook"
60620,970,1050,1200,1520,1810,2023,"Chicago","Cook"
60621,880,950,1090,1380,1640,2023,"Chicago","Cook"
60622,1570,1700,1950,2470,2940,2023,"Chicago","Cook"
60623,850,920,1060,1340,1600,2023,"Chicago","Cook"
60624,970,1050,1210,1540,1830,2023,"Chicago","Cook"
60625,1330,1440,1650,2090,2490,2023,"Chicago","Cook"
60626,1280,1390,1590,2020,2400,2023,"Chicago","Cook"
60628,970,1050,1200,1520,1810,2023,"Chicago","Cook"
60629,920,990,1140,1450,1720,2023,"Chicago","Cook"
60630,1170,1260,1450,1840,2190,2023,"Chicago","Cook"
60631,1120,1210,1390,1760,2100,2023,"Chicago","Cook"
60632,870,940,1080,1370,1630,2023,"Chicago","Cook"
60633,940,1020,1170,1480,1760,2023,"Chicago","Cook"
60634,1130,1230,1410,1790,2130,2023,"Chicago","Cook"
60636,830,900,1030,1310,1550,2023,"Chicago","Cook"
60637,1000,1080,1240,1570,1870,2023,"Chicago","Cook"
60638,1010,1090,1250,1590,1890,2023,"Chicago","Cook"
60639,1030,1120,1280,1620,1930,2023,"Chicago","Cook"
60640,1440,1560,1790,2270,2700,2023,"Chicago","Cook"
60641,1130,1230,1410,1790,2130,2023,"Chicago","Cook"
60642,1740,1880,2160,2740,3260,2023,"Chicago","Cook"
60643,1040,1120,1290,1640,1950,2023,"Chicago","Cook"
60644,1000,1080,1240,1570,1870,2023,"Chicago","Cook"
60645,1220,1330,1520,1930,2290,2023,"Chicago","Cook"
60646,1140,1240,1420,1800,2140,2023,"Chicago","Cook"
60647,1330,1440,1650,2090,2490,2023,"Chicago","Cook"
60649,1010,1100,1260,1600,1900,2023,"Chicago","Cook"
60651,1030,1120,1280,1620,1930,2023,"Chicago","Cook"
60652,1180,1280,1470,1870,2220,2023,"Chicago","Cook"
60653,980,1060,1220,1550,1840,2023,"Chicago","Cook"
60654,1740,1880,2160,2740,3260,2023,"Chicago","Cook"
60655,1100,1190,1370,1740,2070,2023,"Chicago","Cook"
60656,1140,1240,1420,1800,2140,2023,"Chicago","Cook"
60657,1740,1880,2160,2740,3260,2023,"Chicago","Cook"
60659,1210,1320,1510,1920,2280,2023,"Chicago","Cook"
60660,1420,1540,1770,2250,2670,2023,"Chicago","Cook"
60661,1740,1880,2160,2740,3260,2023,"Chicago","Cook"
60706,1010,1100,1260,1600,1900,2023,"Harwood Heights","Cook"
60707,1080,1170,1340,1700,2020,2023,"Elmwood Park","Cook"
60712,1740,1880,2160,2740,3260,2023,"Lincolnwood","Cook"
60714,1090,1190,1360,1730,2050,2023,"Niles","Cook"
60803,950,1030,1180,1500,1780,2023,"Alsip","Cook"
60804,960,1040,1190,1510,1800,2023,"Cicero","Cook"
60805,1130,1230,1410,1790,2130,2023,"Evergreen Park","Cook"
60827,930,1000,1150,1460,1730,2023,"Riverdale","Cook"
60004,1290,1410,1630,2060,2450,2022,"Arlington Heights","Cook"
60005,1100,1200,1390,1760,2090,2022,"Arlington Heights","Cook"
60007,1130,1240,1430,1810,2150,2022,"Elk Grove Village","Cook"
60008,1210,1330,1530,1940,2300,2022,"Rolling Meadows","Cook"
60016,1130,1240,1430,1810,2150,2022,"Des Plaines","Cook"
60018,920,1010,1170,1480,1760,2022,"Des Plaines","Cook"
60022,1550,1690,1960,2480,2950,2022,"Glencoe","Cook"
60025,1180,1290,1490,1890,2240,2022,"Glenview","Cook"
60026,1560,1710,1970,2490,2970,2022,"Glenview Nas","Cook"
60029,1310,1430,1660,2100,2500,2022,"Golf","Cook"
60043,1530,1680,1940,2450,2920,2022,"Kenilworth","Cook"
60053,1590,1740,2010,2550,3030,2022,"Morton Grove","Cook"
60056,1110,1220,1410,1790,2120,2022,"Mount Prospect","Cook"
60062,1370,1510,1740,2200,2620,2022,"Northbrook","Cook"
60067,1280,1400,1620,2050,2440,2022,"Palatine","Cook"
60068,1220,1340,1550,1960,2330,2022,"Park Ridge","Cook"
60070,970,1070,1230,1560,1850,2022,"Prospect Heights","Cook"
60074,1090,1200,1380,1750,2080,2022,"Palatine","Cook"
60076,1190,1300,1500,1900,2260,2022,"Skokie","Cook"
60077,1120,1230,1420,1800,2140,2022,"Skokie","Cook"
60090,1190,1300,1500,1900,2260,2022,"Wheeling","Cook"
60091,1480,1620,1870,2370,2820,2022,"Wilmette","Cook"
60093,1590,1740,2010,2550,3030,2022,"Winnetka","Cook"
60103,1410,1550,1790,2270,2700,2022,"Bartlett","Cook"
60104,1000,1100,1270,1610,1910,2022,"Bellwood","Cook"
60107,1550,1700,1960,2480,2950,2022,"Streamwood","Cook"
60130,970,1070,1230,1560,1850,2022,"Forest Park","Cook"
60131,800,870,1010,1280,1520,2022,"Franklin Park","Cook"
60133,1190,1300,1500,1900,2260,2022,"Hanover Park","Cook"
60141,940,1030,1190,1510,1790,2022,"Hines","Cook"
60153,920,1000,1160,1470,1750,2022,"Maywood","Cook"
60154,1300,1420,1640,2080,2470,2022,"Westchester","Cook"
60155,920,1010,1170,1480,1760,2022,"Broadview","Cook"
60160,930,1020,1180,1490,1780,2022,"Melrose Park","Cook"
60162,1020,1120,1290,1630,1940,2022,"Hillside","Cook"
60163,890,980,1130,1430,1700,2022,"Berkeley","Cook"
60164,850,940,1080,1370,1630,2022,"Melrose Park","Cook"
60165,1000,1100,1270,1610,1910,2022,"Stone Park","Cook"
60169,1190,1310,1510,1910,2270,2022,"Hoffman Estates","Cook"
60171,880,960,1110,1410,1670,2022,"River Grove","Cook"
60173,1450,1590,1830,2320,2760,2022,"Schaumburg","Cook"
60176,910,1000,1150,1460,1730,2022,"Schiller Park","Cook"
60192,1590,1740,2010,2550,3030,2022,"Schaumburg","Cook"
60193,1340,1460,1690,2140,2550,2022,"Schaumburg","Cook"
60194,1340,1470,1700,2150,2560,2022,"Schaumburg","Cook"
60195,1290,1410,1630,2060,2450,2022,"Schaumburg","Cook"
60201,1520,1660,1920,2430,2890,2022,"Evanston","Cook"
60202,1230,1350,1560,1980,2350,2022,"Evanston","Cook"
60203,1430,1570,1810,2290,2730,2022,"Evanston","Cook"
60208,1040,1130,1310,1660,1970,2022,"Evanston","Cook"
60301,1590,1740,2010,2550,3030,2022,"Oak Park","Cook"
60302,1200,1320,1520,1920,2290,2022,"Oak Park","Cook"
60304,1070,1180,1360,1720,2050,2022,"Oak Park","Cook"
60305,1110,1220,1410,1790,2120,2022,"River Forest","Cook"
60402,980,1070,1240,1570,1870,2022,"Berwyn","Cook"
60406,810,880,1020,1290,1540,2022,"Blue Island","Cook"
60409,910,1000,1150,1460,1730,2022,"Calumet City","Cook"
60411,880,960,1110,1410,1670,2022,"Chicago Heights","Cook"
60415,920,1000,1160,1470,1750,2022,"Chicago Ridge","Cook"
60418,1040,1130,1310,1660,1970,2022,"Crestwood","Cook"
60419,1160,1270,1470,1860,2210,2022,"Dolton","Cook"
60422,1590,1740,2010,2550,3030,2022,"Flossmoor","Cook"
60425,1170,1280,1480,1870,2230,2022,"Glenwood","Cook"
60426,880,970,1120,1420,1690,2022,"Harvey","Cook"
60428,1160,1270,1470,1860,2210,2022,"Markham","Cook"
60429,1320,1450,1670,2110,2510,2022,"Hazel Crest","Cook"
60430,1080,1190,1370,1730,2060,2022,"Homewood","Cook"
60438,940,1030,1190,1510,1790,2022,"Lansing","Cook"
60443,1190,1300,1500,1900,2260,2022,"Matteson","Cook"
60445,910,1000,1150,1460,1730,2022,"Midlothian","Cook"
60452,990,1080,1250,1580,1880,2022,"Oak Forest","Cook"
60453,1030,1130,1300,1650,1960,2022,"Oak Lawn","Cook"
60455,880,960,1110,1410,1670,2022,"Bridgeview","Cook"
60456,1030,1130,1310,1650,1970,2022,"Hometown","Cook"
60457,880,960,1110,1410,1670,2022,"Hickory Hills","Cook"
60458,960,1050,1210,1530,1820,2022,"Justice","Cook"
60459,1000,1090,1260,1600,1900,2022,"Burbank","Cook"
60461,1590,1740,2010,2550,3030,2022,"Olympia Fields","Cook"
60462,1130,1240,1430,1810,2150,2022,"Orland Park","Cook"
60463,1560,1710,1980,2510,2980,2022,"Palos Heights","Cook"
60464,1230,1350,1560,1970,2340,2022,"Palos Park","Cook"
60465,960,1060,1220,1540,1840,2022,"Palos Hills","Cook"
60466,1110,1210,1400,1770,2110,2022,"Park Forest","Cook"
60467,1300,1420,1640,2080,2470,2022,"Orland Park","Cook"
60469,980,1070,1240,1570,1870,2022,"Posen","Cook"
60471,1020,1120,1290,1630,1940,2022,"Richton Park","Cook"
60472,870,950,1100,1390,1660,2022,"Robbins","Cook"
60473,1340,1470,1700,2150,2560,2022,"South Holland","Cook"
60475,850,930,1070,1350,1610,2022,"Steger","Cook"
60476,820,900,1040,1320,1570,2022,"Thornton","Cook"
60477,1080,1190,1370,1730,2060,2022,"Tinley Park","Cook"
60478,1230,1350,1560,1980,2350,2022,"Country Club Hills","Cook"
60480,1040,1140,1320,1670,1990,2022,"Willow Springs","Cook"
60482,860,940,1090,1380,1640,2022,"Worth","Cook"
60487,1040,1140,1320,1670,1990,2022,"Tinley Park","Cook"
60501,810,890,1030,1300,1550,2022,"Summit Argo","Cook"
60513,980,1070,1240,1570,1870,2022,"Brookfield","Cook"
60525,1060,1160,1340,1700,2020,2022,"La Grange","Cook"
60526,1020,1120,1290,1630,1940,2022,"La Grange Park","Cook"
60534,890,980,1130,1430,1700,2022,"Lyons","Cook"
60546,960,1050,1210,1530,1820,2022,"Riverside","Cook"
60558,1590,1740,2010,2550,3030,2022,"Western Springs","Cook"
60601,1590,1740,2010,2550,3030,2022,"Chicago","Cook"
60602,1590,1740,2010,2550,3030,2022,"Chicago","Cook"
60603,1590,1740,2010,2550,3030,2022,"Chicago","Cook"
60604,1590,1740,2010,2550,3030,2022,"Chicago","Cook"
60605,1590,1740,2010,2550,3030,2022,"Chicago","Cook"
60606,1590,1740,2010,2550,3030,2022,"Chicago","Cook"
60607,1590,1740,2010,2550,3030,2022,"Chicago","Cook"
60608,850,940,1080,1370,1630,2022,"Chicago","Cook"
60609,730,800,920,1160,1390,2022,"Chicago","Cook"
60610,1590,1740,2010,2550,3030,2022,"Chicago","Cook"
60611,1590,1740,2010,2550,3030,2022,"Chicago","Cook"
60612,1140,1250,1440,1820,2170,2022,"Chicago","Cook"
60613,1590,1740,2010,2550,3030,2022,"Chicago","Cook"
60614,1590,1740,2010,2550,3030,2022,"Chicago","Cook"
60615,1190,1310,1510,1910,2270,2022,"Chicago","Cook"
60616,1000,1100,1270,1610,1910,2022,"Chicago","Cook"
60617,780,860,990,1250,1490,2022,"Chicago","Cook"
60618,1150,1260,1450,1840,2180,2022,"Chicago","Cook"
60619,910,1000,1150,1460,1730,2022,"Chicago","Cook"
60620,880,970,1120,1420,1690,2022,"Chicago","Cook"
60621,810,880,1020,1290,1540,2022,"Chicago","Cook"
60622,1400,1530,1770,2240,2670,2022,"Chicago","Cook"
60623,770,850,980,1240,1480,2022,"Chicago","Cook"
60624,870,950,1100,1390,1660,2022,"Chicago","Cook"
60625,1180,1290,1490,1890,2240,2022,"Chicago","Cook"
60626,1170,1280,1480,1870,2230,2022,"Chicago","Cook"
60628,880,960,1110,1410,1670,2022,"Chicago","Cook"
60629,850,940,1080,1370,1630,2022,"Chicago","Cook"
60630,1040,1140,1320,1670,1990,2022,"Chicago","Cook"
60631,1040,1140,1320,1670,1990,2022,"Chicago","Cook"
60632,810,880,1020,1290,1540,2022,"Chicago","Cook"
60633,850,940,1080,1370,1630,2022,"Chicago","Cook"
60634,1040,1130,1310,1660,1970,2022,"Chicago","Cook"
60636,770,850,980,1240,1480,2022,"Chicago","Cook"
60637,930,1020,1180,1490,1780,2022,"Chicago","Cook"
60638,920,1000,1160,1470,1750,2022,"Chicago","Cook"
60639,940,1030,1190,1510,1790,2022,"Chicago","Cook"
60640,1280,1400,1620,2050,2440,2022,"Chicago","Cook"
60641,1030,1130,1300,1650,1960,2022,"Chicago","Cook"
60642,1570,1720,1990,2520,3000,2022,"Chicago","Cook"
60643,950,1040,1200,1520,1810,2022,"Chicago","Cook"
60644,920,1010,1170,1480,1760,2022,"Chicago","Cook"
60645,1110,1210,1400,1770,2110,2022,"Chicago","Cook"
60646,1000,1100,1270,1610,1910,2022,"Chicago","Cook"
60647,1180,1290,1490,1890,2240,2022,"Chicago","Cook"
60649,930,1020,1180,1490,1780,2022,"Chicago","Cook"
60651,920,1010,1170,1480,1760,2022,"Chicago","Cook"
60652,1040,1140,1320,1670,1990,2022,"Chicago","Cook"
60653,910,1000,1150,1460,1730,2022,"Chicago","Cook"
60654,1590,1740,2010,2550,3030,2022,"Chicago","Cook"
60655,1030,1130,1300,1650,1960,2022,"Chicago","Cook"
60656,1040,1130,1310,1660,1970,2022,"Chicago","Cook"
60657,1590,1740,2010,2550,3030,2022,"Chicago","Cook"
60659,1110,1220,1410,1790,2120,2022,"Chicago","Cook"
60660,1300,1430,1650,2090,2480,2022,"Chicago","Cook"
60661,1590,1740,2010,2550,3030,2022,"Chicago","Cook"
60706,920,1010,1170,1480,1760,2022,"Harwood Heights","Cook"
60707,1010,1110,1280,1620,1930,2022,"Elmwood Park","Cook"
60712,1590,1740,2010,2550,3030,2022,"Lincolnwood","Cook"
60714,1010,1110,1280,1620,1930,2022,"Niles","Cook"
60803,880,970,1120,1420,1690,2022,"Alsip","Cook"
60804,870,950,1100,1390,1660,2022,"Cicero","Cook"
60805,1020,1120,1290,1630,1940,2022,"Evergreen Park","Cook"
60827,850,930,1070,1350,1610,2022,"Riverdale","Cook"
60004,1210,1340,1550,1970,2350,2021,"Arlington Heights","Cook"
60005,1050,1170,1350,1710,2050,2021,"Arlington Heights","Cook"
60007,1070,1180,1370,1740,2080,2021,"Elk Grove Village","Cook"
60008,1150,1280,1480,1880,2240,2021,"Rolling Meadows","Cook"
60016,1080,1200,1390,1760,2110,2021,"Des Plaines","Cook"
60018,880,980,1130,1430,1710,2021,"Des Plaines","Cook"
60022,1100,1220,1410,1790,2140,2021,"Glencoe","Cook"
60025,1110,1240,1430,1820,2170,2021,"Glenview","Cook"
60026,1480,1640,1900,2410,2880,2021,"Glenview Nas","Cook"
60029,1250,1390,1600,2040,2430,2021,"Golf","Cook"
60043,1510,1670,1930,2460,2930,2021,"Kenilworth","Cook"
60053,1520,1680,1950,2480,2960,2021,"Morton Grove","Cook"
60056,1050,1170,1350,1710,2050,2021,"Mount Prospect","Cook"
60062,1360,1510,1750,2220,2650,2021,"Northbrook","Cook"
60067,1210,1340,1550,1970,2350,2021,"Palatine","Cook"
60068,1150,1280,1480,1880,2240,2021,"Park Ridge","Cook"
60070,930,1030,1190,1510,1800,2021,"Prospect Heights","Cook"
60074,1050,1170,1350,1710,2050,2021,"Palatine","Cook"
60076,1150,1270,1470,1870,2230,2021,"Skokie","Cook"
60077,1090,1210,1400,1780,2120,2021,"Skokie","Cook"
60090,1130,1250,1450,1840,2200,2021,"Wheeling","Cook"
60091,1500,1660,1920,2440,2910,2021,"Wilmette","Cook"
60093,1520,1680,1950,2480,2960,2021,"Winnetka","Cook"
60103,1360,1500,1740,2210,2640,2021,"Bartlett","Cook"
60104,1000,1110,1280,1630,1940,2021,"Bellwood","Cook"
60107,1490,1650,1910,2430,2890,2021,"Streamwood","Cook"
60130,930,1030,1190,1510,1800,2021,"Forest Park","Cook"
60131,770,860,990,1260,1500,2021,"Franklin Park","Cook"
60133,1140,1260,1460,1850,2210,2021,"Hanover Park","Cook"
60141,890,990,1150,1450,1740,2021,"Hines","Cook"
60153,900,990,1150,1460,1740,2021,"Maywood","Cook"
60154,1260,1400,1620,2060,2450,2021,"Westchester","Cook"
60155,870,970,1120,1420,1700,2021,"Broadview","Cook"
60160,880,980,1130,1430,1710,2021,"Melrose Park","Cook"
60162,960,1060,1230,1560,1860,2021,"Hillside","Cook"
60163,900,990,1150,1460,1740,2021,"Berkeley","Cook"
60164,820,910,1050,1330,1590,2021,"Melrose Park","Cook"
60165,990,1100,1270,1610,1920,2021,"Stone Park","Cook"
60169,1120,1240,1440,1830,2180,2021,"Hoffman Estates","Cook"
60171,840,930,1080,1370,1640,2021,"River Grove","Cook"
60173,1370,1520,1760,2230,2670,2021,"Schaumburg","Cook"
60176,860,950,1100,1400,1670,2021,"Schiller Park","Cook"
60192,1520,1680,1950,2480,2960,2021,"Schaumburg","Cook"
60193,1270,1410,1630,2070,2470,2021,"Schaumburg","Cook"
60194,1310,1450,1680,2130,2550,2021,"Schaumburg","Cook"
60195,1190,1320,1530,1940,2320,2021,"Schaumburg","Cook"
60201,1430,1580,1830,2320,2770,2021,"Evanston","Cook"
60202,1190,1320,1530,1940,2320,2021,"Evanston","Cook"
60203,1330,1480,1710,2170,2590,2021,"Evanston","Cook"
60208,990,1100,1270,1610,1920,2021,"Evanston","Cook"
60301,1520,1680,1950,2480,2960,2021,"Oak Park","Cook"
60302,1220,1360,1570,1990,2380,2021,"Oak Park","Cook"
60304,1060,1170,1360,1730,2060,2021,"Oak Park","Cook"
60305,1130,1250,1450,1840,2200,2021,"River Forest","Cook"
60402,940,1040,1200,1520,1820,2021,"Berwyn","Cook"
60406,770,860,990,1260,1500,2021,"Blue Island","Cook"
60409,880,980,1130,1430,1710,2021,"Calumet City","Cook"
60411,850,940,1090,1380,1650,2021,"Chicago Heights","Cook"
60415,890,980,1140,1450,1730,2021,"Chicago Ridge","Cook"
60418,990,1100,1270,1610,1920,2021,"Crestwood","Cook"
60419,1100,1220,1410,1790,2140,2021,"Dolton","Cook"
60422,1520,1680,1950,2480,2960,2021,"Flossmoor","Cook"
60425,1000,1110,1280,1630,1940,2021,"Glenwood","Cook"
60426,830,920,1070,1360,1620,2021,"Harvey","Cook"
60428,1110,1230,1420,1800,2150,2021,"Markham","Cook"
60429,1260,1400,1620,2060,2450,2021,"Hazel Crest","Cook"
60430,1060,1170,1360,1730,2060,2021,"Homewood","Cook"
60438,910,1010,1170,1490,1770,2021,"Lansing","Cook"
60443,1130,1250,1450,1840,2200,2021,"Matteson","Cook"
60445,870,970,1120,1420,1700,2021,"Midlothian","Cook"
60452,930,1030,1190,1510,1800,2021,"Oak Forest","Cook"
60453,1000,1110,1280,1630,1940,2021,"Oak Lawn","Cook"
60455,840,930,1080,1370,1640,2021,"Bridgeview","Cook"
60456,980,1090,1260,1610,1910,2021,"Hometown","Cook"
60457,860,950,1100,1400,1670,2021,"Hickory Hills","Cook"
60458,900,990,1150,1460,1740,2021,"Justice","Cook"
60459,950,1050,1220,1550,1850,2021,"Burbank","Cook"
60461,1520,1680,1950,2480,2960,2021,"Olympia Fields","Cook"
60462,1080,1200,1390,1760,2110,2021,"Orland Park","Cook"
60463,1520,1680,1950,2480,2960,2021,"Palos Heights","Cook"
60464,1210,1340,1550,1970,2350,2021,"Palos Park","Cook"
60465,940,1040,1200,1520,1820,2021,"Palos Hills","Cook"
60466,1060,1170,1360,1730,2060,2021,"Park Forest","Cook"
60467,1340,1490,1720,2180,2610,2021,"Orland Park","Cook"
60469,940,1050,1210,1540,1830,2021,"Posen","Cook"
60471,980,1090,1260,1600,1910,2021,"Richton Park","Cook"
60472,840,930,1080,1370,1640,2021,"Robbins","Cook"
60473,1300,1440,1670,2120,2530,2021,"South Holland","Cook"
60475,810,900,1040,1320,1580,2021,"Steger","Cook"
60476,770,860,990,1260,1500,2021,"Thornton","Cook"
60477,1040,1150,1330,1690,2020,2021,"Tinley Park","Cook"
60478,1210,1340,1550,1970,2350,2021,"Country Club Hills","Cook"
60480,990,1100,1270,1610,1920,2021,"Willow Springs","Cook"
60482,830,920,1070,1360,1620,2021,"Worth","Cook"
60487,1010,1120,1300,1650,1970,2021,"Tinley Park","Cook"
60501,790,880,1020,1300,1550,2021,"Summit Argo","Cook"
60513,960,1060,1230,1560,1860,2021,"Brookfield","Cook"
60525,1000,1110,1280,1630,1940,2021,"La Grange","Cook"
60526,970,1070,1240,1570,1880,2021,"La Grange Park","Cook"
60534,880,980,1130,1430,1710,2021,"Lyons","Cook"
60546,890,980,1140,1450,1730,2021,"Riverside","Cook"
60558,1520,1680,1950,2480,2960,2021,"Western Springs","Cook"
60601,1520,1680,1950,2480,2960,2021,"Chicago","Cook"
60602,1520,1680,1950,2480,2960,2021,"Chicago","Cook"
60603,1520,1680,1950,2480,2960,2021,"Chicago","Cook"
60604,1520,1680,1950,2480,2960,2021,"Chicago","Cook"
60605,1520,1680,1950,2480,2960,2021,"Chicago","Cook"
60606,1520,1680,1950,2480,2960,2021,"Chicago","Cook"
60607,1520,1680,1950,2480,2960,2021,"Chicago","Cook"
60608,790,880,1020,1300,1550,2021,"Chicago","Cook"
60609,710,790,910,1160,1380,2021,"Chicago","Cook"
60610,1520,1680,1950,2480,2960,2021,"Chicago","Cook"
60611,1520,1680,1950,2480,2960,2021,"Chicago","Cook"
60612,1080,1190,1380,1750,2090,2021,"Chicago","Cook"
60613,1520,1680,1950,2480,2960,2021,"Chicago","Cook"
60614,1520,1680,1950,2480,2960,2021,"Chicago","Cook"
60615,1150,1270,1470,1870,2230,2021,"Chicago","Cook"
60616,960,1060,1230,1560,1860,2021,"Chicago","Cook"
60617,760,850,980,1240,1490,2021,"Chicago","Cook"
60618,1080,1190,1380,1750,2090,2021,"Chicago","Cook"
60619,870,970,1120,1420,1700,2021,"Chicago","Cook"
60620,850,940,1090,1380,1650,2021,"Chicago","Cook"
60621,780,860,1000,1270,1520,2021,"Chicago","Cook"
60622,1290,1430,1660,2110,2520,2021,"Chicago","Cook"
60623,740,820,950,1210,1440,2021,"Chicago","Cook"
60624,830,920,1070,1360,1620,2021,"Chicago","Cook"
60625,1110,1230,1420,1800,2150,2021,"Chicago","Cook"
60626,1110,1240,1430,1820,2170,2021,"Chicago","Cook"
60628,840,930,1080,1370,1640,2021,"Chicago","Cook"
60629,830,920,1060,1350,1610,2021,"Chicago","Cook"
60630,990,1100,1270,1610,1920,2021,"Chicago","Cook"
60631,1010,1110,1290,1640,1950,2021,"Chicago","Cook"
60632,770,860,990,1260,1500,2021,"Chicago","Cook"
60633,850,940,1090,1380,1650,2021,"Chicago","Cook"
60634,980,1090,1260,1600,1910,2021,"Chicago","Cook"
60636,780,860,1000,1270,1520,2021,"Chicago","Cook"
60637,900,990,1150,1460,1740,2021,"Chicago","Cook"
60638,880,980,1130,1430,1710,2021,"Chicago","Cook"
60639,900,990,1150,1460,1740,2021,"Chicago","Cook"
60640,1220,1350,1560,1980,2360,2021,"Chicago","Cook"
60641,970,1080,1250,1590,1890,2021,"Chicago","Cook"
60642,1420,1570,1820,2310,2760,2021,"Chicago","Cook"
60643,910,1010,1170,1490,1770,2021,"Chicago","Cook"
60644,880,980,1130,1430,1710,2021,"Chicago","Cook"
60645,1050,1170,1350,1710,2050,2021,"Chicago","Cook"
60646,930,1030,1190,1510,1800,2021,"Chicago","Cook"
60647,1100,1220,1410,1790,2140,2021,"Chicago","Cook"
60649,890,980,1140,1450,1730,2021,"Chicago","Cook"
60651,880,980,1130,1430,1710,2021,"Chicago","Cook"
60652,980,1090,1260,1600,1910,2021,"Chicago","Cook"
60653,870,960,1110,1410,1680,2021,"Chicago","Cook"
60654,1520,1680,1950,2480,2960,2021,"Chicago","Cook"
60655,990,1100,1270,1610,1920,2021,"Chicago","Cook"
60656,980,1090,1260,1600,1910,2021,"Chicago","Cook"
60657,1520,1680,1950,2480,2960,2021,"Chicago","Cook"
60659,1070,1180,1370,1740,2080,2021,"Chicago","Cook"
60660,1250,1390,1610,2040,2440,2021,"Chicago","Cook"
60661,1520,1680,1950,2480,2960,2021,"Chicago","Cook"
60706,900,990,1150,1460,1740,2021,"Harwood Heights","Cook"
60707,970,1070,1240,1570,1880,2021,"Elmwood Park","Cook"
60712,1520,1680,1950,2480,2960,2021,"Lincolnwood","Cook"
60714,970,1080,1250,1590,1890,2021,"Niles","Cook"
60803,860,950,1100,1400,1670,2021,"Alsip","Cook"
60804,830,920,1060,1350,1610,2021,"Cicero","Cook"
60805,940,1050,1210,1540,1830,2021,"Evergreen Park","Cook"
60827,790,880,1020,1300,1550,2021,"Riverdale","Cook"
60004,1060,1210,1410,1790,2140,2019,"Arlington Heights","Cook"
60005,970,1100,1280,1630,1950,2019,"Arlington Heights","Cook"
60007,950,1090,1260,1600,1920,2019,"Elk Grove Village","Cook"
60008,1060,1210,1400,1780,2130,2019,"Rolling Meadows","Cook"
60016,1000,1140,1320,1680,2010,2019,"Des Plaines","Cook"
60018,810,920,1070,1360,1630,2019,"Des Plaines","Cook"
60022,1080,1260,1450,1850,2210,2019,"Glencoe","Cook"
60025,1050,1200,1390,1770,2110,2019,"Glenview","Cook"
60026,1280,1460,1700,2160,2590,2019,"Glenview Nas","Cook"
60029,890,1020,1180,1500,1800,2019,"Golf","Cook"
60043,990,1140,1330,1690,1990,2019,"Kenilworth","Cook"
60053,1370,1560,1810,2300,2750,2019,"Morton Grove","Cook"
60056,960,1090,1270,1620,1930,2019,"Mount Prospect","Cook"
60062,1340,1520,1770,2250,2690,2019,"Northbrook","Cook"
60067,1050,1200,1390,1770,2110,2019,"Palatine","Cook"
60068,1030,1180,1370,1740,2080,2019,"Park Ridge","Cook"
60070,860,980,1140,1450,1730,2019,"Prospect Heights","Cook"
60074,980,1120,1300,1650,1980,2019,"Palatine","Cook"
60076,1060,1210,1400,1780,2130,2019,"Skokie","Cook"
60077,1000,1140,1320,1680,2010,2019,"Skokie","Cook"
60090,1000,1140,1320,1680,2010,2019,"Wheeling","Cook"
60091,1370,1570,1820,2320,2770,2019,"Wilmette","Cook"
60093,1370,1570,1820,2320,2770,2019,"Winnetka","Cook"
60103,1170,1340,1550,1970,2360,2019,"Bartlett","Cook"
60104,910,1040,1210,1540,1840,2019,"Bellwood","Cook"
60107,1340,1530,1780,2260,2710,2019,"Streamwood","Cook"
60130,850,970,1130,1440,1720,2019,"Forest Park","Cook"
60131,740,840,980,1250,1490,2019,"Franklin Park","Cook"
60133,1020,1160,1350,1720,2050,2019,"Hanover Park","Cook"
60141,890,1020,1180,1500,1800,2019,"Hines","Cook"
60153,820,930,1080,1370,1640,2019,"Maywood","Cook"
60154,1170,1340,1550,1970,2360,2019,"Westchester","Cook"
60155,780,900,1040,1320,1580,2019,"Broadview","Cook"
60160,800,910,1060,1350,1610,2019,"Melrose Park","Cook"
60162,850,970,1130,1440,1720,2019,"Hillside","Cook"
60163,880,1010,1170,1490,1780,2019,"Berkeley","Cook"
60164,730,840,970,1230,1480,2019,"Melrose Park","Cook"
60165,900,1030,1190,1510,1810,2019,"Stone Park","Cook"
60169,970,1110,1290,1640,1960,2019,"Hoffman Estates","Cook"
60171,780,900,1040,1320,1580,2019,"River Grove","Cook"
60173,1250,1430,1660,2110,2530,2019,"Schaumburg","Cook"
60176,780,890,1030,1310,1570,2019,"Schiller Park","Cook"
60192,1370,1570,1820,2320,2770,2019,"Schaumburg","Cook"
60193,1150,1320,1530,1950,2330,2019,"Schaumburg","Cook"
60194,1210,1380,1600,2040,2430,2019,"Schaumburg","Cook"
60195,1030,1180,1370,1740,2080,2019,"Schaumburg","Cook"
60201,1270,1450,1680,2140,2560,2019,"Evanston","Cook"
60202,1110,1270,1470,1870,2240,2019,"Evanston","Cook"
60203,1330,1520,1760,2240,2680,2019,"Evanston","Cook"
60301,1370,1570,1820,2320,2770,2019,"Oak Park","Cook"
60302,1220,1390,1610,2050,2450,2019,"Oak Park","Cook"
60304,980,1120,1300,1650,1980,2019,"Oak Park","Cook"
60305,1100,1260,1460,1860,2220,2019,"River Forest","Cook"
60402,860,980,1140,1450,1730,2019,"Berwyn","Cook"
60406,730,840,970,1230,1480,2019,"Blue Island","Cook"
60409,880,1000,1160,1480,1760,2019,"Calumet City","Cook"
60411,790,900,1050,1340,1600,2019,"Chicago Heights","Cook"
60415,820,930,1080,1370,1640,2019,"Chicago Ridge","Cook"
60418,890,1020,1180,1500,1800,2019,"Crestwood","Cook"
60419,1000,1150,1330,1690,2020,2019,"Dolton","Cook"
60422,1370,1570,1820,2320,2770,2019,"Flossmoor","Cook"
60425,860,980,1140,1450,1730,2019,"Glenwood","Cook"
60426,700,800,930,1180,1410,2019,"Harvey","Cook"
60428,1060,1210,1400,1780,2130,2019,"Markham","Cook"
60429,1120,1270,1480,1880,2250,2019,"Hazel Crest","Cook"
60430,1010,1150,1340,1710,2040,2019,"Homewood","Cook"
60438,850,970,1130,1440,1720,2019,"Lansing","Cook"
60443,1010,1150,1340,1710,2040,2019,"Matteson","Cook"
60445,810,920,1070,1360,1630,2019,"Midlothian","Cook"
60452,820,940,1090,1390,1660,2019,"Oak Forest","Cook"
60453,940,1080,1250,1590,1900,2019,"Oak Lawn","Cook"
60455,780,900,1040,1320,1580,2019,"Bridgeview","Cook"
60456,890,1020,1180,1500,1800,2019,"Hometown","Cook"
60457,790,900,1050,1340,1600,2019,"Hickory Hills","Cook"
60458,820,940,1090,1390,1660,2019,"Justice","Cook"
60459,920,1050,1220,1550,1860,2019,"Burbank","Cook"
60461,1370,1570,1820,2320,2770,2019,"Olympia Fields","Cook"
60462,950,1090,1260,1600,1920,2019,"Orland Park","Cook"
60463,1370,1570,1820,2320,2770,2019,"Palos Heights","Cook"
60464,990,1140,1330,1690,1990,2019,"Palos Park","Cook"
60465,900,1030,1190,1510,1810,2019,"Palos Hills","Cook"
60466,940,1070,1240,1580,1890,2019,"Park Forest","Cook"
60467,1370,1570,1820,2320,2770,2019,"Orland Park","Cook"
60469,930,1060,1230,1570,1870,2019,"Posen","Cook"
60471,910,1040,1210,1540,1840,2019,"Richton Park","Cook"
60472,770,880,1020,1300,1550,2019,"Robbins","Cook"
60473,1270,1450,1680,2140,2560,2019,"South Holland","Cook"
60475,750,860,1000,1270,1520,2019,"Steger","Cook"
60476,680,780,900,1150,1370,2019,"Thornton","Cook"
60477,940,1070,1240,1580,1890,2019,"Tinley Park","Cook"
60478,1210,1380,1600,2040,2430,2019,"Country Club Hills","Cook"
60480,880,1010,1170,1490,1780,2019,"Willow Springs","Cook"
60482,780,890,1030,1310,1570,2019,"Worth","Cook"
60487,910,1040,1210,1540,1840,2019,"Tinley Park","Cook"
60501,740,840,980,1250,1490,2019,"Summit Argo","Cook"
60513,870,990,1150,1460,1750,2019,"Brookfield","Cook"
60525,910,1040,1210,1540,1840,2019,"La Grange","Cook"
60526,880,1000,1160,1480,1760,2019,"La Grange Park","Cook"
60534,860,980,1140,1450,1730,2019,"Lyons","Cook"
60546,800,910,1060,1350,1610,2019,"Riverside","Cook"
60558,1370,1570,1820,2320,2770,2019,"Western Springs","Cook"
60601,1370,1570,1820,2320,2770,2019,"Chicago","Cook"
60602,990,1140,1330,1690,1990,2019,"Chicago","Cook"
60603,1370,1570,1820,2320,2770,2019,"Chicago","Cook"
60604,1370,1570,1820,2320,2770,2019,"Chicago","Cook"
60605,1370,1570,1820,2320,2770,2019,"Chicago","Cook"
60606,1370,1570,1820,2320,2770,2019,"Chicago","Cook"
60607,1370,1570,1820,2320,2770,2019,"Chicago","Cook"
60608,720,820,950,1210,1450,2019,"Chicago","Cook"
60609,680,780,900,1150,1370,2019,"Chicago","Cook"
60610,1370,1570,1820,2320,2770,2019,"Chicago","Cook"
60611,1370,1570,1820,2320,2770,2019,"Chicago","Cook"
60612,970,1100,1280,1630,1950,2019,"Chicago","Cook"
60613,1370,1570,1820,2320,2770,2019,"Chicago","Cook"
60614,1370,1570,1820,2320,2770,2019,"Chicago","Cook"
60615,1060,1210,1410,1790,2140,2019,"Chicago","Cook"
60616,870,990,1150,1460,1750,2019,"Chicago","Cook"
60617,720,820,950,1210,1450,2019,"Chicago","Cook"
60618,960,1090,1270,1620,1930,2019,"Chicago","Cook"
60619,820,940,1090,1390,1660,2019,"Chicago","Cook"
60620,820,930,1080,1370,1640,2019,"Chicago","Cook"
60621,750,850,990,1260,1510,2019,"Chicago","Cook"
60622,1100,1260,1460,1860,2220,2019,"Chicago","Cook"
60623,680,780,900,1150,1370,2019,"Chicago","Cook"
60624,800,910,1060,1350,1610,2019,"Chicago","Cook"
60625,990,1130,1310,1670,1990,2019,"Chicago","Cook"
60626,1030,1180,1370,1740,2080,2019,"Chicago","Cook"
60628,790,900,1050,1340,1600,2019,"Chicago","Cook"
60629,780,890,1030,1310,1570,2019,"Chicago","Cook"
60630,930,1060,1230,1570,1870,2019,"Chicago","Cook"
60631,970,1100,1280,1630,1950,2019,"Chicago","Cook"
60632,720,830,960,1220,1460,2019,"Chicago","Cook"
60633,780,890,1030,1310,1570,2019,"Chicago","Cook"
60634,890,1020,1180,1500,1800,2019,"Chicago","Cook"
60636,760,870,1010,1290,1540,2019,"Chicago","Cook"
60637,840,960,1110,1410,1690,2019,"Chicago","Cook"
60638,820,940,1090,1390,1660,2019,"Chicago","Cook"
60639,830,950,1100,1400,1670,2019,"Chicago","Cook"
60640,1120,1270,1480,1880,2250,2019,"Chicago","Cook"
60641,880,1000,1160,1480,1760,2019,"Chicago","Cook"
60642,1180,1340,1560,1990,2370,2019,"Chicago","Cook"
60643,820,940,1090,1390,1660,2019,"Chicago","Cook"
60644,830,950,1100,1400,1670,2019,"Chicago","Cook"
60645,980,1120,1300,1650,1980,2019,"Chicago","Cook"
60646,800,910,1060,1350,1610,2019,"Chicago","Cook"
60647,970,1100,1280,1630,1950,2019,"Chicago","Cook"
60649,840,960,1110,1410,1690,2019,"Chicago","Cook"
60651,810,920,1070,1360,1630,2019,"Chicago","Cook"
60652,890,1020,1180,1500,1800,2019,"Chicago","Cook"
60653,800,910,1060,1350,1610,2019,"Chicago","Cook"
60654,1370,1570,1820,2320,2770,2019,"Chicago","Cook"
60655,910,1040,1210,1540,1840,2019,"Chicago","Cook"
60656,920,1050,1220,1550,1860,2019,"Chicago","Cook"
60657,1370,1570,1820,2320,2770,2019,"Chicago","Cook"
60659,970,1100,1280,1630,1950,2019,"Chicago","Cook"
60660,1150,1310,1520,1930,2310,2019,"Chicago","Cook"
60661,1370,1570,1820,2320,2770,2019,"Chicago","Cook"
60706,860,980,1140,1450,1730,2019,"Harwood Heights","Cook"
60707,880,1010,1170,1490,1780,2019,"Elmwood Park","Cook"
60712,1370,1570,1820,2320,2770,2019,"Lincolnwood","Cook"
60714,880,1000,1160,1480,1760,2019,"Niles","Cook"
60803,810,920,1070,1360,1630,2019,"Alsip","Cook"
60804,770,880,1020,1300,1550,2019,"Cicero","Cook"
60805,840,960,1110,1410,1690,2019,"Evergreen Park","Cook"
60827,750,850,990,1260,1510,2019,"Riverdale","Cook"
60004,1020,1180,1370,1740,2090,2018,"Arlington Heights","Cook"
60005,930,1080,1250,1590,1910,2018,"Arlington Heights","Cook"
60007,910,1050,1220,1550,1860,2018,"Elk Grove Village","Cook"
60008,1010,1160,1360,1720,2060,2018,"Rolling Meadows","Cook"
60016,980,1120,1310,1660,1990,2018,"Des Plaines","Cook"
60018,780,900,1040,1330,1580,2018,"Des Plaines","Cook"
60022,1200,1390,1610,2050,2450,2018,"Glencoe","Cook"
60025,1020,1180,1370,1740,2080,2018,"Glenview","Cook"
60026,1200,1380,1610,2040,2440,2018,"Glenview Nas","Cook"
60029,860,990,1160,1470,1760,2018,"Golf","Cook"
60043,1100,1260,1470,1870,2210,2018,"Kenilworth","Cook"
60053,1310,1520,1760,2240,2680,2018,"Morton Grove","Cook"
60056,940,1080,1260,1600,1910,2018,"Mount Prospect","Cook"
60062,1320,1520,1760,2240,2680,2018,"Northbrook","Cook"
60067,1020,1170,1370,1740,2080,2018,"Palatine","Cook"
60068,1010,1160,1350,1720,2050,2018,"Park Ridge","Cook"
60070,830,960,1120,1420,1700,2018,"Prospect Heights","Cook"
60074,960,1100,1280,1630,1950,2018,"Palatine","Cook"
60076,1020,1170,1360,1730,2070,2018,"Skokie","Cook"
60077,950,1100,1280,1620,1940,2018,"Skokie","Cook"
60090,950,1090,1270,1620,1930,2018,"Wheeling","Cook"
60091,1320,1520,1770,2250,2690,2018,"Wilmette","Cook"
60093,1320,1520,1770,2250,2690,2018,"Winnetka","Cook"
60103,1100,1260,1470,1870,2240,2018,"Bartlett","Cook"
60104,870,1010,1170,1490,1780,2018,"Bellwood","Cook"
60107,1280,1480,1720,2190,2620,2018,"Streamwood","Cook"
60130,830,960,1110,1420,1690,2018,"Forest Park","Cook"
60131,720,830,970,1240,1480,2018,"Franklin Park","Cook"
60133,990,1140,1330,1690,2020,2018,"Hanover Park","Cook"
60141,860,990,1160,1470,1760,2018,"Hines","Cook"
60153,780,900,1040,1330,1590,2018,"Maywood","Cook"
60154,1130,1300,1510,1920,2300,2018,"Westchester","Cook"
60155,740,850,990,1270,1510,2018,"Broadview","Cook"
60160,760,870,1020,1290,1550,2018,"Melrose Park","Cook"
60162,810,930,1080,1370,1640,2018,"Hillside","Cook"
60163,860,990,1160,1470,1760,2018,"Berkeley","Cook"
60164,710,810,950,1210,1440,2018,"Melrose Park","Cook"
60165,830,960,1120,1420,1700,2018,"Stone Park","Cook"
60169,920,1060,1240,1580,1880,2018,"Hoffman Estates","Cook"
60171,770,880,1030,1310,1570,2018,"River Grove","Cook"
60173,1220,1410,1640,2080,2490,2018,"Schaumburg","Cook"
60176,750,870,1010,1280,1540,2018,"Schiller Park","Cook"
60192,1320,1520,1770,2250,2690,2018,"Schaumburg","Cook"
60193,1100,1270,1480,1880,2250,2018,"Schaumburg","Cook"
60194,1140,1310,1530,1940,2320,2018,"Schaumburg","Cook"
60195,1010,1160,1360,1720,2060,2018,"Schaumburg","Cook"
60201,1230,1420,1650,2100,2510,2018,"Evanston","Cook"
60202,1090,1250,1460,1850,2220,2018,"Evanston","Cook"
60203,1300,1490,1740,2210,2640,2018,"Evanston","Cook"
60301,1310,1510,1760,2240,2670,2018,"Oak Park","Cook"
60302,1170,1340,1560,1990,2380,2018,"Oak Park","Cook"
60304,940,1080,1260,1600,1920,2018,"Oak Park","Cook"
60305,1030,1190,1380,1760,2100,2018,"River Forest","Cook"
60402,840,970,1130,1440,1720,2018,"Berwyn","Cook"
60406,720,830,970,1230,1470,2018,"Blue Island","Cook"
60409,850,980,1140,1450,1730,2018,"Calumet City","Cook"
60411,770,880,1030,1310,1560,2018,"Chicago Heights","Cook"
60415,780,900,1050,1340,1600,2018,"Chicago Ridge","Cook"
60419,980,1130,1310,1670,1990,2018,"Dolton","Cook"
60422,1320,1520,1770,2250,2690,2018,"Flossmoor","Cook"
60425,840,970,1130,1430,1710,2018,"Glenwood","Cook"
60426,770,880,1030,1310,1560,2018,"Harvey","Cook"
60428,1050,1220,1410,1800,2150,2018,"Markham","Cook"
60429,1070,1230,1430,1820,2180,2018,"Hazel Crest","Cook"
60430,950,1100,1280,1620,1940,2018,"Homewood","Cook"
60438,830,960,1110,1410,1690,2018,"Lansing","Cook"
60443,970,1120,1310,1660,1990,2018,"Matteson","Cook"
60445,790,910,1060,1350,1610,2018,"Midlothian","Cook"
60452,810,930,1090,1380,1650,2018,"Oak Forest","Cook"
60453,920,1060,1230,1570,1870,2018,"Oak Lawn","Cook"
60455,780,900,1050,1330,1590,2018,"Bridgeview","Cook"
60456,860,990,1160,1470,1760,2018,"Hometown","Cook"
60457,770,890,1040,1320,1580,2018,"Hickory Hills","Cook"
60458,800,920,1070,1360,1620,2018,"Justice","Cook"
60459,900,1030,1200,1530,1830,2018,"Burbank","Cook"
60461,860,990,1160,1470,1760,2018,"Olympia Fields","Cook"
60462,910,1050,1220,1560,1860,2018,"Orland Park","Cook"
60463,1320,1520,1770,2250,2690,2018,"Palos Heights","Cook"
60464,1100,1260,1470,1870,2210,2018,"Palos Park","Cook"
60465,860,1000,1160,1480,1760,2018,"Palos Hills","Cook"
60466,890,1020,1190,1520,1810,2018,"Park Forest","Cook"
60467,1320,1520,1770,2250,2690,2018,"Orland Park","Cook"
60469,920,1070,1240,1580,1890,2018,"Posen","Cook"
60471,870,1000,1170,1480,1770,2018,"Richton Park","Cook"
60472,740,850,990,1260,1510,2018,"Robbins","Cook"
60473,1240,1420,1660,2110,2520,2018,"South Holland","Cook"
60475,740,850,990,1260,1510,2018,"Steger","Cook"
60476,640,730,850,1090,1300,2018,"Thornton","Cook"
60477,890,1030,1190,1520,1820,2018,"Tinley Park","Cook"
60478,1200,1380,1610,2050,2450,2018,"Country Club Hills","Cook"
60480,820,950,1100,1400,1670,2018,"Willow Springs","Cook"
60482,760,880,1030,1300,1560,2018,"Worth","Cook"
60487,900,1030,1200,1530,1830,2018,"Tinley Park","Cook"
60501,730,840,970,1240,1480,2018,"Summit Argo","Cook"
60513,840,970,1130,1440,1720,2018,"Brookfield","Cook"
60525,900,1040,1210,1540,1840,2018,"La Grange","Cook"
60526,850,980,1140,1450,1740,2018,"La Grange Park","Cook"
60534,840,960,1120,1430,1710,2018,"Lyons","Cook"
60546,770,890,1040,1320,1580,2018,"Riverside","Cook"
60558,1320,1520,1770,2250,2690,2018,"Western Springs","Cook"
60601,1320,1520,1770,2250,2690,2018,"Chicago","Cook"
60602,1100,1260,1470,1870,2210,2018,"Chicago","Cook"
60603,1320,1520,1770,2250,2690,2018,"Chicago","Cook"
60604,1320,1520,1770,2250,2690,2018,"Chicago","Cook"
60605,1320,1520,1770,2250,2690,2018,"Chicago","Cook"
60606,1320,1520,1770,2250,2690,2018,"Chicago","Cook"
60607,1320,1520,1770,2250,2690,2018,"Chicago","Cook"
60608,690,800,930,1180,1410,2018,"Chicago","Cook"
60609,660,760,880,1130,1340,2018,"Chicago","Cook"
60610,1320,1520,1770,2250,2690,2018,"Chicago","Cook"
60611,1320,1520,1770,2250,2690,2018,"Chicago","Cook"
60612,930,1070,1240,1580,1890,2018,"Chicago","Cook"
60613,1320,1520,1770,2250,2690,2018,"Chicago","Cook"
60614,1320,1520,1770,2250,2690,2018,"Chicago","Cook"
60615,1030,1180,1380,1750,2090,2018,"Chicago","Cook"
60616,850,980,1140,1450,1730,2018,"Chicago","Cook"
60617,700,810,940,1200,1430,2018,"Chicago","Cook"
60618,920,1060,1240,1570,1880,2018,"Chicago","Cook"
60619,810,930,1090,1380,1650,2018,"Chicago","Cook"
60620,810,930,1080,1380,1650,2018,"Chicago","Cook"
60621,740,860,1000,1270,1520,2018,"Chicago","Cook"
60622,1050,1210,1410,1790,2140,2018,"Chicago","Cook"
60623,660,760,890,1130,1350,2018,"Chicago","Cook"
60624,800,920,1070,1370,1630,2018,"Chicago","Cook"
60625,950,1090,1270,1610,1930,2018,"Chicago","Cook"
60626,1000,1150,1340,1700,2030,2018,"Chicago","Cook"
60628,790,910,1060,1340,1610,2018,"Chicago","Cook"
60629,770,880,1030,1310,1560,2018,"Chicago","Cook"
60630,920,1060,1230,1560,1870,2018,"Chicago","Cook"
60631,970,1120,1310,1660,1980,2018,"Chicago","Cook"
60632,710,810,950,1200,1440,2018,"Chicago","Cook"
60633,760,880,1020,1300,1560,2018,"Chicago","Cook"
60634,860,990,1150,1470,1760,2018,"Chicago","Cook"
60636,750,870,1010,1280,1530,2018,"Chicago","Cook"
60637,820,950,1100,1400,1670,2018,"Chicago","Cook"
60638,800,920,1070,1370,1630,2018,"Chicago","Cook"
60639,810,930,1090,1380,1650,2018,"Chicago","Cook"
60640,1080,1240,1440,1840,2190,2018,"Chicago","Cook"
60641,850,980,1140,1460,1740,2018,"Chicago","Cook"
60642,1110,1280,1490,1900,2270,2018,"Chicago","Cook"
60643,790,910,1060,1350,1620,2018,"Chicago","Cook"
60644,820,940,1090,1390,1660,2018,"Chicago","Cook"
60645,960,1100,1280,1630,1950,2018,"Chicago","Cook"
60646,770,890,1030,1320,1570,2018,"Chicago","Cook"
60647,920,1060,1240,1570,1880,2018,"Chicago","Cook"
60649,820,940,1100,1400,1670,2018,"Chicago","Cook"
60651,800,920,1070,1370,1630,2018,"Chicago","Cook"
60652,880,1010,1180,1490,1790,2018,"Chicago","Cook"
60653,780,900,1040,1330,1580,2018,"Chicago","Cook"
60654,1320,1520,1770,2250,2690,2018,"Chicago","Cook"
60655,890,1020,1190,1520,1810,2018,"Chicago","Cook"
60656,910,1050,1220,1550,1860,2018,"Chicago","Cook"
60657,1320,1520,1770,2250,2690,2018,"Chicago","Cook"
60659,930,1070,1250,1590,1900,2018,"Chicago","Cook"
60660,1100,1270,1480,1880,2250,2018,"Chicago","Cook"
60661,1320,1520,1770,2250,2690,2018,"Chicago","Cook"
60706,840,970,1130,1440,1720,2018,"Harwood Heights","Cook"
60707,860,990,1150,1470,1750,2018,"Elmwood Park","Cook"
60712,1320,1520,1770,2250,2690,2018,"Lincolnwood","Cook"
60714,850,980,1140,1450,1730,2018,"Niles","Cook"
60803,790,910,1060,1350,1620,2018,"Alsip","Cook"
60804,750,860,1010,1280,1530,2018,"Cicero","Cook"
60805,800,920,1080,1370,1640,2018,"Evergreen Park","Cook"
60827,770,890,1040,1320,1580,2018,"Riverdale","Cook"
60004,970,1110,1290,1640,1950,2017,"Arlington Heights","Cook"
60005,890,1020,1190,1520,1800,2017,"Arlington Heights","Cook"
60007,840,960,1120,1430,1690,2017,"Elk Grove Village","Cook"
60008,940,1070,1250,1590,1890,2017,"Rolling Meadows","Cook"
60016,830,950,1110,1410,1680,2017,"Des Plaines","Cook"
60018,730,840,980,1250,1480,2017,"Des Plaines","Cook"
60022,1220,1400,1630,2080,2460,2017,"Glencoe","Cook"
60025,970,1120,1300,1660,1970,2017,"Glenview","Cook"
60026,1090,1250,1460,1860,2210,2017,"Glenview Nas","Cook"
60029,820,940,1090,1390,1650,2017,"Golf","Cook"
60043,1220,1400,1630,2080,2460,2017,"Kenilworth","Cook"
60053,1210,1380,1610,2050,2430,2017,"Morton Grove","Cook"
60056,810,930,1080,1380,1630,2017,"Mount Prospect","Cook"
60062,1220,1400,1630,2080,2460,2017,"Northbrook","Cook"
60067,970,1120,1300,1660,1970,2017,"Palatine","Cook"
60068,950,1090,1270,1620,1920,2017,"Park Ridge","Cook"
60070,810,930,1080,1380,1630,2017,"Prospect Heights","Cook"
60074,890,1020,1190,1520,1800,2017,"Palatine","Cook"
60076,960,1100,1280,1630,1940,2017,"Skokie","Cook"
60077,890,1020,1190,1520,1800,2017,"Skokie","Cook"
60090,860,990,1150,1470,1740,2017,"Wheeling","Cook"
60091,1220,1400,1630,2080,2460,2017,"Wilmette","Cook"
60093,1220,1400,1630,2080,2460,2017,"Winnetka","Cook"
60103,1050,1200,1400,1780,2120,2017,"Bartlett","Cook"
60104,820,940,1090,1390,1650,2017,"Bellwood","Cook"
60107,1220,1400,1630,2080,2460,2017,"Streamwood","Cook"
60130,790,900,1050,1340,1590,2017,"Forest Park","Cook"
60131,690,790,920,1170,1390,2017,"Franklin Park","Cook"
60133,910,1050,1220,1550,1840,2017,"Hanover Park","Cook"
60141,820,940,1090,1390,1650,2017,"Hines","Cook"
60153,730,840,980,1250,1480,2017,"Maywood","Cook"
60154,1150,1320,1540,1960,2330,2017,"Westchester","Cook"
60155,700,800,930,1190,1410,2017,"Broadview","Cook"
60160,730,830,970,1240,1470,2017,"Melrose Park","Cook"
60162,740,850,990,1260,1500,2017,"Hillside","Cook"
60163,820,940,1090,1390,1650,2017,"Berkeley","Cook"
60164,670,770,900,1150,1360,2017,"Melrose Park","Cook"
60165,760,880,1020,1300,1540,2017,"Stone Park","Cook"
60169,870,1000,1160,1480,1750,2017,"Hoffman Estates","Cook"
60171,730,830,970,1240,1470,2017,"River Grove","Cook"
60173,1020,1170,1360,1730,2060,2017,"Schaumburg","Cook"
60176,720,830,960,1220,1450,2017,"Schiller Park","Cook"
60192,1220,1400,1630,2080,2460,2017,"Schaumburg","Cook"
60193,1000,1140,1330,1700,2010,2017,"Schaumburg","Cook"
60194,1030,1190,1380,1760,2090,2017,"Schaumburg","Cook"
60195,970,1120,1300,1660,1970,2017,"Schaumburg","Cook"
60201,1070,1230,1430,1820,2160,2017,"Evanston","Cook"
60202,920,1060,1230,1570,1860,2017,"Evanston","Cook"
60203,1180,1350,1570,2000,2370,2017,"Evanston","Cook"
60301,1200,1380,1600,2040,2420,2017,"Oak Park","Cook"
60302,830,950,1110,1410,1680,2017,"Oak Park","Cook"
60304,860,990,1150,1470,1740,2017,"Oak Park","Cook"
60305,920,1060,1230,1570,1860,2017,"River Forest","Cook"
60402,760,870,1010,1290,1530,2017,"Berwyn","Cook"
60406,690,790,920,1170,1390,2017,"Blue Island","Cook"
60409,760,870,1010,1290,1530,2017,"Calumet City","Cook"
60411,780,890,1040,1330,1570,2017,"Chicago Heights","Cook"
60415,730,840,980,1250,1480,2017,"Chicago Ridge","Cook"
60419,930,1070,1240,1580,1870,2017,"Dolton","Cook"
60422,1130,1300,1510,1920,2280,2017,"Flossmoor","Cook"
60425,820,940,1090,1390,1650,2017,"Glenwood","Cook"
60426,750,860,1000,1270,1510,2017,"Harvey","Cook"
60428,1050,1200,1400,1780,2120,2017,"Markham","Cook"
60429,1060,1210,1410,1800,2130,2017,"Hazel Crest","Cook"
60430,860,990,1150,1470,1740,2017,"Homewood","Cook"
60438,780,890,1040,1330,1570,2017,"Lansing","Cook"
60443,940,1070,1250,1590,1890,2017,"Matteson","Cook"
60445,760,870,1010,1290,1530,2017,"Midlothian","Cook"
60452,790,900,1050,1340,1590,2017,"Oak Forest","Cook"
60453,810,930,1080,1380,1630,2017,"Oak Lawn","Cook"
60455,740,850,990,1260,1500,2017,"Bridgeview","Cook"
60456,510,580,680,870,1030,2017,"Hometown","Cook"
60457,730,830,970,1240,1470,2017,"Hickory Hills","Cook"
60458,760,870,1010,1290,1530,2017,"Justice","Cook"
60459,850,970,1130,1440,1710,2017,"Burbank","Cook"
60461,820,940,1090,1390,1650,2017,"Olympia Fields","Cook"
60462,850,980,1140,1450,1720,2017,"Orland Park","Cook"
60463,1220,1400,1630,2080,2460,2017,"Palos Heights","Cook"
60464,1220,1400,1630,2080,2460,2017,"Palos Park","Cook"
60465,820,940,1090,1390,1650,2017,"Palos Hills","Cook"
60466,830,950,1110,1410,1680,2017,"Park Forest","Cook"
60467,1220,1400,1630,2080,2460,2017,"Orland Park","Cook"
60469,880,1010,1170,1490,1770,2017,"Posen","Cook"
60471,820,940,1090,1390,1650,2017,"Richton Park","Cook"
60472,700,800,930,1190,1410,2017,"Robbins","Cook"
60473,1180,1350,1570,2000,2370,2017,"South Holland","Cook"
60475,700,810,940,1200,1420,2017,"Steger","Cook"
60476,620,710,830,1060,1250,2017,"Thornton","Cook"
60477,830,950,1110,1410,1680,2017,"Tinley Park","Cook"
60478,1180,1360,1580,2010,2390,2017,"Country Club Hills","Cook"
60480,730,830,970,1240,1470,2017,"Willow Springs","Cook"
60482,730,840,980,1250,1480,2017,"Worth","Cook"
60487,890,1020,1190,1520,1800,2017,"Tinley Park","Cook"
60501,700,810,940,1200,1420,2017,"Summit Argo","Cook"
60513,800,920,1070,1360,1620,2017,"Brookfield","Cook"
60525,820,940,1090,1390,1650,2017,"La Grange","Cook"
60526,820,940,1090,1390,1650,2017,"La Grange Park","Cook"
60534,800,920,1070,1360,1620,2017,"Lyons","Cook"
60546,730,830,970,1240,1470,2017,"Riverside","Cook"
60558,1220,1400,1630,2080,2460,2017,"Western Springs","Cook"
60601,1220,1400,1630,2080,2460,2017,"Chicago","Cook"
60602,1220,1400,1630,2080,2460,2017,"Chicago","Cook"
60603,1220,1400,1630,2080,2460,2017,"Chicago","Cook"
60604,1220,1400,1630,2080,2460,2017,"Chicago","Cook"
60605,1220,1400,1630,2080,2460,2017,"Chicago","Cook"
60606,1220,1400,1630,2080,2460,2017,"Chicago","Cook"
60607,1220,1400,1630,2080,2460,2017,"Chicago","Cook"
60608,670,760,890,1130,1350,2017,"Chicago","Cook"
60609,670,770,900,1150,1360,2017,"Chicago","Cook"
60610,1130,1300,1510,1920,2280,2017,"Chicago","Cook"
60611,1220,1400,1630,2080,2460,2017,"Chicago","Cook"
60612,820,950,1100,1400,1660,2017,"Chicago","Cook"
60613,970,1110,1290,1640,1950,2017,"Chicago","Cook"
60614,1120,1290,1500,1910,2270,2017,"Chicago","Cook"
60615,810,930,1080,1380,1630,2017,"Chicago","Cook"
60616,790,910,1060,1350,1600,2017,"Chicago","Cook"
60617,700,810,940,1200,1420,2017,"Chicago","Cook"
60618,840,960,1120,1430,1690,2017,"Chicago","Cook"
60619,710,820,950,1210,1440,2017,"Chicago","Cook"
60620,750,860,1000,1270,1510,2017,"Chicago","Cook"
60621,750,860,1000,1270,1510,2017,"Chicago","Cook"
60622,970,1120,1300,1660,1970,2017,"Chicago","Cook"
60623,660,760,880,1120,1330,2017,"Chicago","Cook"
60624,790,910,1060,1350,1600,2017,"Chicago","Cook"
60625,800,920,1070,1360,1620,2017,"Chicago","Cook"
60626,730,830,970,1240,1470,2017,"Chicago","Cook"
60628,820,940,1090,1390,1650,2017,"Chicago","Cook"
60629,740,850,990,1260,1500,2017,"Chicago","Cook"
60630,820,940,1090,1390,1650,2017,"Chicago","Cook"
60631,920,1060,1230,1570,1860,2017,"Chicago","Cook"
60632,680,780,910,1160,1380,2017,"Chicago","Cook"
60633,750,860,1000,1270,1510,2017,"Chicago","Cook"
60634,790,900,1050,1340,1590,2017,"Chicago","Cook"
60636,760,870,1010,1290,1530,2017,"Chicago","Cook"
60637,760,880,1020,1300,1540,2017,"Chicago","Cook"
60638,760,880,1020,1300,1540,2017,"Chicago","Cook"
60639,770,890,1030,1310,1560,2017,"Chicago","Cook"
60640,760,870,1010,1290,1530,2017,"Chicago","Cook"
60641,750,860,1000,1270,1510,2017,"Chicago","Cook"
60642,1050,1200,1400,1780,2120,2017,"Chicago","Cook"
60643,760,870,1010,1290,1530,2017,"Chicago","Cook"
60644,740,850,990,1260,1500,2017,"Chicago","Cook"
60645,830,950,1110,1410,1680,2017,"Chicago","Cook"
60646,750,860,1000,1270,1510,2017,"Chicago","Cook"
60647,850,970,1130,1440,1710,2017,"Chicago","Cook"
60649,700,800,930,1190,1410,2017,"Chicago","Cook"
60651,790,900,1050,1340,1590,2017,"Chicago","Cook"
60652,850,970,1130,1440,1710,2017,"Chicago","Cook"
60653,690,790,920,1170,1390,2017,"Chicago","Cook"
60654,1220,1400,1630,2080,2460,2017,"Chicago","Cook"
60655,840,960,1120,1430,1690,2017,"Chicago","Cook"
60656,870,1000,1160,1480,1750,2017,"Chicago","Cook"
60657,1010,1160,1350,1720,2040,2017,"Chicago","Cook"
60659,820,950,1100,1400,1660,2017,"Chicago","Cook"
60660,730,840,980,1250,1480,2017,"Chicago","Cook"
60661,1220,1400,1630,2080,2460,2017,"Chicago","Cook"
60706,790,910,1060,1350,1600,2017,"Harwood Heights","Cook"
60707,740,850,990,1260,1500,2017,"Elmwood Park","Cook"
60712,1220,1400,1630,2080,2460,2017,"Lincolnwood","Cook"
60714,820,940,1090,1390,1650,2017,"Niles","Cook"
60803,750,860,1000,1270,1510,2017,"Alsip","Cook"
60804,700,810,940,1200,1420,2017,"Cicero","Cook"
60805,760,880,1020,1300,1540,2017,"Evergreen Park","Cook"
60827,740,850,990,1260,1500,2017,"Riverdale","Cook"
60004,930,1070,1250,1590,1880,2016,"Arlington Heights","Cook"
60005,850,980,1140,1450,1710,2016,"Arlington Heights","Cook"
60007,810,930,1080,1380,1620,2016,"Elk Grove Village","Cook"
60008,890,1020,1190,1520,1790,2016,"Rolling Meadows","Cook"
60016,810,940,1090,1390,1640,2016,"Des Plaines","Cook"
60018,720,830,970,1240,1460,2016,"Des Plaines","Cook"
60022,1190,1370,1590,2030,2390,2016,"Glencoe","Cook"
60025,930,1070,1240,1580,1860,2016,"Glenview","Cook"
60026,1050,1210,1410,1800,2120,2016,"Glenview Nas","Cook"
60029,790,910,1060,1350,1590,2016,"Golf","Cook"
60043,1190,1370,1590,2030,2390,2016,"Kenilworth","Cook"
60053,1160,1340,1560,1990,2340,2016,"Morton Grove","Cook"
60056,790,910,1060,1350,1590,2016,"Mount Prospect","Cook"
60062,1160,1340,1560,1990,2340,2016,"Northbrook","Cook"
60067,940,1080,1260,1610,1890,2016,"Palatine","Cook"
60068,920,1060,1230,1570,1850,2016,"Park Ridge","Cook"
60070,810,930,1080,1380,1620,2016,"Prospect Heights","Cook"
60074,860,990,1150,1470,1730,2016,"Palatine","Cook"
60076,930,1070,1240,1580,1860,2016,"Skokie","Cook"
60077,870,1010,1170,1490,1760,2016,"Skokie","Cook"
60090,830,950,1110,1420,1670,2016,"Wheeling","Cook"
60091,1190,1370,1590,2030,2390,2016,"Wilmette","Cook"
60093,1160,1340,1560,1990,2340,2016,"Winnetka","Cook"
60103,1030,1190,1380,1760,2070,2016,"Bartlett","Cook"
60104,790,910,1060,1350,1590,2016,"Bellwood","Cook"
60107,1190,1370,1590,2030,2390,2016,"Streamwood","Cook"
60130,770,880,1030,1310,1550,2016,"Forest Park","Cook"
60131,680,780,910,1160,1370,2016,"Franklin Park","Cook"
60133,860,990,1150,1470,1730,2016,"Hanover Park","Cook"
60141,790,910,1060,1350,1590,2016,"Hines","Cook"
60153,730,840,980,1250,1470,2016,"Maywood","Cook"
60154,1150,1320,1540,1960,2310,2016,"Westchester","Cook"
60155,670,770,900,1150,1350,2016,"Broadview","Cook"
60160,700,810,940,1200,1410,2016,"Melrose Park","Cook"
60162,720,820,960,1220,1440,2016,"Hillside","Cook"
60163,780,890,1040,1330,1560,2016,"Berkeley","Cook"
60164,670,770,900,1150,1350,2016,"Melrose Park","Cook"
60165,720,830,970,1240,1460,2016,"Stone Park","Cook"
60169,840,960,1120,1430,1680,2016,"Hoffman Estates","Cook"
60171,700,810,940,1200,1410,2016,"River Grove","Cook"
60173,990,1140,1330,1700,2000,2016,"Schaumburg","Cook"
60176,700,810,940,1200,1410,2016,"Schiller Park","Cook"
60192,1190,1370,1590,2030,2390,2016,"Schaumburg","Cook"
60193,960,1100,1280,1630,1920,2016,"Schaumburg","Cook"
60194,1000,1150,1340,1710,2010,2016,"Schaumburg","Cook"
60195,970,1120,1300,1660,1950,2016,"Schaumburg","Cook"
60201,1010,1170,1360,1730,2040,2016,"Evanston","Cook"
60202,880,1010,1180,1500,1770,2016,"Evanston","Cook"
60203,1120,1290,1500,1910,2250,2016,"Evanston","Cook"
60301,1110,1280,1490,1900,2240,2016,"Oak Park","Cook"
60302,810,930,1080,1380,1620,2016,"Oak Park","Cook"
60304,810,930,1080,1380,1620,2016,"Oak Park","Cook"
60305,820,950,1100,1400,1650,2016,"River Forest","Cook"
60402,740,850,990,1260,1490,2016,"Berwyn","Cook"
60406,670,770,900,1150,1350,2016,"Blue Island","Cook"
60409,730,840,980,1250,1470,2016,"Calumet City","Cook"
60411,770,880,1030,1310,1550,2016,"Chicago Heights","Cook"
60415,710,820,950,1210,1430,2016,"Chicago Ridge","Cook"
60419,880,1010,1180,1500,1770,2016,"Dolton","Cook"
60422,990,1130,1320,1680,1980,2016,"Flossmoor","Cook"
60425,780,900,1050,1340,1580,2016,"Glenwood","Cook"
60426,760,880,1020,1300,1530,2016,"Harvey","Cook"
60428,1040,1190,1390,1770,2090,2016,"Markham","Cook"
60429,1050,1210,1410,1800,2120,2016,"Hazel Crest","Cook"
60430,810,930,1080,1380,1620,2016,"Homewood","Cook"
60438,750,870,1010,1290,1520,2016,"Lansing","Cook"
60443,930,1070,1240,1580,1860,2016,"Matteson","Cook"
60445,740,850,990,1260,1490,2016,"Midlothian","Cook"
60452,770,880,1030,1310,1550,2016,"Oak Forest","Cook"
60453,780,890,1040,1330,1560,2016,"Oak Lawn","Cook"
60455,720,820,960,1220,1440,2016,"Bridgeview","Cook"
60456,490,570,660,840,990,2016,"Hometown","Cook"
60457,710,820,950,1210,1430,2016,"Hickory Hills","Cook"
60458,740,850,990,1260,1490,2016,"Justice","Cook"
60459,820,950,1100,1400,1650,2016,"Burbank","Cook"
60461,790,910,1060,1350,1590,2016,"Olympia Fields","Cook"
60462,820,950,1100,1400,1650,2016,"Orland Park","Cook"
60463,1190,1370,1590,2030,2390,2016,"Palos Heights","Cook"
60464,1190,1370,1590,2030,2390,2016,"Palos Park","Cook"
60465,780,890,1040,1330,1560,2016,"Palos Hills","Cook"
60466,780,900,1050,1340,1580,2016,"Park Forest","Cook"
60467,1190,1370,1590,2030,2390,2016,"Orland Park","Cook"
60469,840,960,1120,1430,1680,2016,"Posen","Cook"
60471,800,920,1070,1360,1610,2016,"Richton Park","Cook"
60472,690,790,920,1170,1380,2016,"Robbins","Cook"
60473,1130,1300,1510,1930,2270,2016,"South Holland","Cook"
60475,690,790,920,1170,1380,2016,"Steger","Cook"
60476,620,710,830,1060,1250,2016,"Thornton","Cook"
60477,800,920,1070,1360,1610,2016,"Tinley Park","Cook"
60478,1180,1360,1580,2010,2370,2016,"Country Club Hills","Cook"
60480,690,800,930,1190,1400,2016,"Willow Springs","Cook"
60482,720,820,960,1220,1440,2016,"Worth","Cook"
60487,920,1060,1230,1570,1850,2016,"Tinley Park","Cook"
60501,700,810,940,1200,1410,2016,"Summit Argo","Cook"
60513,790,910,1060,1350,1590,2016,"Brookfield","Cook"
60525,790,910,1060,1350,1590,2016,"La Grange","Cook"
60526,800,920,1070,1360,1610,2016,"La Grange Park","Cook"
60534,760,880,1020,1300,1530,2016,"Lyons","Cook"
60546,710,820,950,1210,1430,2016,"Riverside","Cook"
60558,1190,1370,1590,2030,2390,2016,"Western Springs","Cook"
60601,1190,1370,1590,2030,2390,2016,"Chicago","Cook"
60602,1190,1370,1590,2030,2390,2016,"Chicago","Cook"
60603,1190,1370,1590,2030,2390,2016,"Chicago","Cook"
60604,1190,1370,1590,2030,2390,2016,"Chicago","Cook"
60605,1190,1370,1590,2030,2390,2016,"Chicago","Cook"
60606,1190,1370,1590,2030,2390,2016,"Chicago","Cook"
60607,1160,1340,1560,1990,2340,2016,"Chicago","Cook"
60608,650,750,870,1110,1310,2016,"Chicago","Cook"
60609,660,760,880,1120,1320,2016,"Chicago","Cook"
60610,1070,1230,1430,1820,2150,2016,"Chicago","Cook"
60611,1190,1370,1590,2030,2390,2016,"Chicago","Cook"
60612,790,910,1060,1350,1590,2016,"Chicago","Cook"
60613,930,1070,1240,1580,1860,2016,"Chicago","Cook"
60614,1070,1240,1440,1840,2160,2016,"Chicago","Cook"
60615,780,890,1040,1330,1560,2016,"Chicago","Cook"
60616,750,870,1010,1290,1520,2016,"Chicago","Cook"
60617,680,780,910,1160,1370,2016,"Chicago","Cook"
60618,810,940,1090,1390,1640,2016,"Chicago","Cook"
60619,690,800,930,1190,1400,2016,"Chicago","Cook"
60620,730,840,980,1250,1470,2016,"Chicago","Cook"
60621,720,820,960,1220,1440,2016,"Chicago","Cook"
60622,930,1070,1250,1590,1880,2016,"Chicago","Cook"
60623,650,750,870,1110,1310,2016,"Chicago","Cook"
60624,780,890,1040,1330,1560,2016,"Chicago","Cook"
60625,780,890,1040,1330,1560,2016,"Chicago","Cook"
60626,710,820,950,1210,1430,2016,"Chicago","Cook"
60628,800,920,1070,1360,1610,2016,"Chicago","Cook"
60629,720,830,970,1240,1460,2016,"Chicago","Cook"
60630,780,900,1050,1340,1580,2016,"Chicago","Cook"
60631,870,1010,1170,1490,1760,2016,"Chicago","Cook"
60632,670,770,900,1150,1350,2016,"Chicago","Cook"
60633,730,840,980,1250,1470,2016,"Chicago","Cook"
60634,760,880,1020,1300,1530,2016,"Chicago","Cook"
60636,740,850,990,1260,1490,2016,"Chicago","Cook"
60637,740,850,990,1260,1490,2016,"Chicago","Cook"
60638,740,850,990,1260,1490,2016,"Chicago","Cook"
60639,750,870,1010,1290,1520,2016,"Chicago","Cook"
60640,720,820,960,1220,1440,2016,"Chicago","Cook"
60641,730,840,980,1250,1470,2016,"Chicago","Cook"
60642,970,1120,1300,1660,1950,2016,"Chicago","Cook"
60643,750,860,1000,1280,1500,2016,"Chicago","Cook"
60644,720,820,960,1220,1440,2016,"Chicago","Cook"
60645,810,940,1090,1390,1640,2016,"Chicago","Cook"
60646,740,850,990,1260,1490,2016,"Chicago","Cook"
60647,810,940,1090,1390,1640,2016,"Chicago","Cook"
60649,680,780,910,1160,1370,2016,"Chicago","Cook"
60651,770,880,1030,1310,1550,2016,"Chicago","Cook"
60652,830,950,1110,1420,1670,2016,"Chicago","Cook"
60653,630,730,850,1080,1280,2016,"Chicago","Cook"
60654,1190,1370,1590,2030,2390,2016,"Chicago","Cook"
60655,790,910,1060,1350,1590,2016,"Chicago","Cook"
60656,840,970,1130,1440,1700,2016,"Chicago","Cook"
60657,970,1120,1300,1660,1950,2016,"Chicago","Cook"
60659,810,930,1080,1380,1620,2016,"Chicago","Cook"
60660,690,800,930,1190,1400,2016,"Chicago","Cook"
60661,1190,1370,1590,2030,2390,2016,"Chicago","Cook"
60706,750,870,1010,1290,1520,2016,"Harwood Heights","Cook"
60707,720,830,970,1240,1460,2016,"Elmwood Park","Cook"
60712,1190,1370,1590,2030,2390,2016,"Lincolnwood","Cook"
60714,780,900,1050,1340,1580,2016,"Niles","Cook"
60803,720,820,960,1220,1440,2016,"Alsip","Cook"
60804,680,780,910,1160,1370,2016,"Cicero","Cook"
60805,780,890,1040,1330,1560,2016,"Evergreen Park","Cook"
60827,750,860,1000,1280,1500,2016,"Riverdale","Cook"
60004,910,1030,1220,1560,1810,2015,"Arlington Heights","Cook"
60005,820,940,1110,1420,1650,2015,"Arlington Heights","Cook"
60007,800,910,1080,1380,1610,2015,"Elk Grove Village","Cook"
60008,860,980,1160,1480,1720,2015,"Rolling Meadows","Cook"
60016,790,900,1070,1360,1590,2015,"Des Plaines","Cook"
60018,680,770,910,1160,1350,2015,"Des Plaines","Cook"
60022,1020,1160,1380,1760,2050,2015,"Glencoe","Cook"
60025,870,990,1170,1490,1740,2015,"Glenview","Cook"
60026,1010,1150,1360,1730,2020,2015,"Glenview Nas","Cook"
60029,760,870,1030,1310,1530,2015,"Golf","Cook"
60043,760,870,1030,1310,1530,2015,"Kenilworth","Cook"
60053,890,1010,1200,1530,1780,2015,"Morton Grove","Cook"
60056,760,860,1020,1300,1520,2015,"Mount Prospect","Cook"
60062,970,1100,1300,1660,1930,2015,"Northbrook","Cook"
60067,910,1030,1220,1560,1810,2015,"Palatine","Cook"
60068,940,1060,1260,1610,1870,2015,"Park Ridge","Cook"
60070,790,900,1070,1360,1590,2015,"Prospect Heights","Cook"
60074,810,920,1090,1390,1620,2015,"Palatine","Cook"
60076,920,1050,1240,1580,1840,2015,"Skokie","Cook"
60077,850,970,1150,1470,1710,2015,"Skokie","Cook"
60090,820,940,1110,1420,1650,2015,"Wheeling","Cook"
60091,1140,1300,1540,1960,2290,2015,"Wilmette","Cook"
60093,1110,1260,1490,1900,2210,2015,"Winnetka","Cook"
60103,970,1100,1300,1660,1930,2015,"Bartlett","Cook"
60104,760,860,1020,1300,1520,2015,"Bellwood","Cook"
60107,1140,1300,1540,1960,2290,2015,"Streamwood","Cook"
60130,740,840,1000,1270,1490,2015,"Forest Park","Cook"
60131,650,730,870,1110,1290,2015,"Franklin Park","Cook"
60133,810,920,1090,1390,1620,2015,"Hanover Park","Cook"
60141,760,870,1030,1310,1530,2015,"Hines","Cook"
60153,760,870,1030,1310,1530,2015,"Maywood","Cook"
60154,1030,1170,1390,1770,2070,2015,"Westchester","Cook"
60155,650,730,870,1110,1290,2015,"Broadview","Cook"
60160,680,770,910,1160,1350,2015,"Melrose Park","Cook"
60162,670,760,900,1150,1340,2015,"Hillside","Cook"
60163,790,890,1060,1350,1580,2015,"Berkeley","Cook"
60164,650,740,880,1120,1310,2015,"Melrose Park","Cook"
60165,720,820,970,1240,1440,2015,"Stone Park","Cook"
60169,830,940,1120,1430,1660,2015,"Hoffman Estates","Cook"
60171,690,780,930,1190,1380,2015,"River Grove","Cook"
60173,960,1090,1290,1640,1920,2015,"Schaumburg","Cook"
60176,710,810,960,1220,1430,2015,"Schiller Park","Cook"
60192,1140,1300,1540,1960,2290,2015,"Schaumburg","Cook"
60193,940,1070,1270,1620,1890,2015,"Schaumburg","Cook"
60194,950,1080,1280,1630,1900,2015,"Schaumburg","Cook"
60195,970,1100,1310,1670,1950,2015,"Schaumburg","Cook"
60201,980,1110,1320,1680,1960,2015,"Evanston","Cook"
60202,850,970,1150,1470,1710,2015,"Evanston","Cook"
60203,1140,1300,1540,1960,2290,2015,"Evanston","Cook"
60301,940,1070,1270,1620,1890,2015,"Oak Park","Cook"
60302,770,880,1040,1330,1550,2015,"Oak Park","Cook"
60304,730,830,980,1250,1460,2015,"Oak Park","Cook"
60305,760,860,1020,1300,1520,2015,"River Forest","Cook"
60402,710,800,950,1210,1410,2015,"Berwyn","Cook"
60406,650,740,880,1120,1310,2015,"Blue Island","Cook"
60409,710,810,960,1220,1430,2015,"Calumet City","Cook"
60411,730,830,980,1250,1460,2015,"Chicago Heights","Cook"
60415,710,800,950,1210,1410,2015,"Chicago Ridge","Cook"
60419,820,940,1110,1420,1650,2015,"Dolton","Cook"
60422,1140,1300,1540,1960,2290,2015,"Flossmoor","Cook"
60425,740,840,1000,1270,1490,2015,"Glenwood","Cook"
60426,770,880,1040,1330,1550,2015,"Harvey","Cook"
60428,980,1110,1320,1680,1960,2015,"Markham","Cook"
60429,970,1100,1310,1670,1950,2015,"Hazel Crest","Cook"
60430,720,820,970,1240,1440,2015,"Homewood","Cook"
60438,710,810,960,1220,1430,2015,"Lansing","Cook"
60443,950,1080,1280,1630,1900,2015,"Matteson","Cook"
60445,710,800,950,1210,1410,2015,"Midlothian","Cook"
60452,740,840,1000,1270,1490,2015,"Oak Forest","Cook"
60453,740,840,990,1260,1470,2015,"Oak Lawn","Cook"
60455,680,780,920,1170,1370,2015,"Bridgeview","Cook"
60456,480,540,640,820,950,2015,"Hometown","Cook"
60457,690,780,930,1190,1380,2015,"Hickory Hills","Cook"
60458,750,850,1010,1290,1500,2015,"Justice","Cook"
60459,750,850,1010,1290,1500,2015,"Burbank","Cook"
60461,760,870,1030,1310,1530,2015,"Olympia Fields","Cook"
60462,790,890,1060,1350,1580,2015,"Orland Park","Cook"
60463,1140,1300,1540,1960,2290,2015,"Palos Heights","Cook"
60464,1140,1300,1540,1960,2290,2015,"Palos Park","Cook"
60465,760,860,1020,1300,1520,2015,"Palos Hills","Cook"
60466,750,850,1010,1290,1500,2015,"Park Forest","Cook"
60467,1140,1300,1540,1960,2290,2015,"Orland Park","Cook"
60469,840,950,1130,1440,1680,2015,"Posen","Cook"
60471,810,920,1090,1390,1620,2015,"Richton Park","Cook"
60472,680,780,920,1170,1370,2015,"Robbins","Cook"
60473,1140,1290,1530,1950,2270,2015,"South Holland","Cook"
60475,660,750,890,1130,1320,2015,"Steger","Cook"
60476,650,740,880,1120,1310,2015,"Thornton","Cook"
60477,770,880,1040,1330,1550,2015,"Tinley Park","Cook"
60478,1140,1300,1540,1960,2290,2015,"Country Club Hills","Cook"
60480,660,750,890,1130,1320,2015,"Willow Springs","Cook"
60482,710,810,960,1220,1430,2015,"Worth","Cook"
60487,890,1010,1200,1530,1780,2015,"Tinley Park","Cook"
60501,710,810,960,1220,1430,2015,"Summit Argo","Cook"
60513,810,920,1090,1390,1620,2015,"Brookfield","Cook"
60525,740,840,1000,1270,1490,2015,"La Grange","Cook"
60526,810,920,1090,1390,1620,2015,"La Grange Park","Cook"
60534,730,830,980,1250,1460,2015,"Lyons","Cook"
60546,700,790,940,1200,1400,2015,"Riverside","Cook"
60558,760,870,1030,1310,1530,2015,"Western Springs","Cook"
60601,1140,1300,1540,1960,2290,2015,"Chicago","Cook"
60602,1140,1300,1540,1960,2290,2015,"Chicago","Cook"
60603,1140,1300,1540,1960,2290,2015,"Chicago","Cook"
60604,1140,1300,1540,1960,2290,2015,"Chicago","Cook"
60605,1140,1300,1540,1960,2290,2015,"Chicago","Cook"
60606,1140,1300,1540,1960,2290,2015,"Chicago","Cook"
60607,1060,1210,1430,1820,2130,2015,"Chicago","Cook"
60608,640,730,860,1100,1280,2015,"Chicago","Cook"
60609,670,760,900,1150,1340,2015,"Chicago","Cook"
60610,1010,1150,1360,1730,2020,2015,"Chicago","Cook"
60611,1140,1300,1540,1960,2290,2015,"Chicago","Cook"
60612,790,900,1070,1360,1590,2015,"Chicago","Cook"
60613,890,1010,1200,1530,1780,2015,"Chicago","Cook"
60614,1010,1150,1360,1730,2020,2015,"Chicago","Cook"
60615,740,840,990,1260,1470,2015,"Chicago","Cook"
60616,740,840,990,1260,1470,2015,"Chicago","Cook"
60617,670,760,900,1150,1340,2015,"Chicago","Cook"
60618,790,900,1070,1360,1590,2015,"Chicago","Cook"
60619,680,770,910,1160,1350,2015,"Chicago","Cook"
60620,710,800,950,1210,1410,2015,"Chicago","Cook"
60621,710,800,950,1210,1410,2015,"Chicago","Cook"
60622,900,1020,1210,1540,1800,2015,"Chicago","Cook"
60623,650,740,880,1120,1310,2015,"Chicago","Cook"
60624,790,890,1060,1350,1580,2015,"Chicago","Cook"
60625,760,860,1020,1300,1520,2015,"Chicago","Cook"
60626,680,780,920,1170,1370,2015,"Chicago","Cook"
60628,780,890,1050,1340,1560,2015,"Chicago","Cook"
60629,710,810,960,1220,1430,2015,"Chicago","Cook"
60630,760,860,1020,1300,1520,2015,"Chicago","Cook"
60631,810,920,1090,1390,1620,2015,"Chicago","Cook"
60632,680,770,910,1160,1350,2015,"Chicago","Cook"
60633,690,780,930,1190,1380,2015,"Chicago","Cook"
60634,750,850,1010,1290,1500,2015,"Chicago","Cook"
60636,750,850,1010,1290,1500,2015,"Chicago","Cook"
60637,730,830,980,1250,1460,2015,"Chicago","Cook"
60638,710,800,950,1210,1410,2015,"Chicago","Cook"
60639,740,840,1000,1270,1490,2015,"Chicago","Cook"
60640,680,780,920,1170,1370,2015,"Chicago","Cook"
60641,710,810,960,1220,1430,2015,"Chicago","Cook"
60642,880,1000,1190,1520,1770,2015,"Chicago","Cook"
60643,740,840,990,1260,1470,2015,"Chicago","Cook"
60644,700,790,940,1200,1400,2015,"Chicago","Cook"
60645,770,880,1040,1330,1550,2015,"Chicago","Cook"
60646,740,840,1000,1270,1490,2015,"Chicago","Cook"
60647,790,890,1060,1350,1580,2015,"Chicago","Cook"
60649,670,760,900,1150,1340,2015,"Chicago","Cook"
60651,780,890,1050,1340,1560,2015,"Chicago","Cook"
60652,810,920,1090,1390,1620,2015,"Chicago","Cook"
60653,610,690,820,1050,1220,2015,"Chicago","Cook"
60654,1140,1300,1540,1960,2290,2015,"Chicago","Cook"
60655,720,820,970,1240,1440,2015,"Chicago","Cook"
60656,810,920,1090,1390,1620,2015,"Chicago","Cook"
60657,940,1060,1260,1610,1870,2015,"Chicago","Cook"
60659,770,880,1040,1330,1550,2015,"Chicago","Cook"
60660,680,770,910,1160,1350,2015,"Chicago","Cook"
60661,1140,1290,1530,1950,2270,2015,"Chicago","Cook"
60706,700,790,940,1200,1400,2015,"Harwood Heights","Cook"
60707,710,810,960,1220,1430,2015,"Elmwood Park","Cook"
60712,1140,1300,1540,1960,2290,2015,"Lincolnwood","Cook"
60714,750,850,1010,1290,1500,2015,"Niles","Cook"
60803,670,760,900,1150,1340,2015,"Alsip","Cook"
60804,650,740,880,1120,1310,2015,"Cicero","Cook"
60805,800,910,1080,1380,1610,2015,"Evergreen Park","Cook"
60827,760,860,1020,1300,1520,2015,"Riverdale","Cook"
60004,870,990,1170,1490,1740,2014,"Arlington Heights","Cook"
60005,790,890,1060,1350,1580,2014,"Arlington Heights","Cook"
60007,760,870,1030,1310,1530,2014,"Elk Grove Village","Cook"
60008,820,940,1110,1420,1650,2014,"Rolling Meadows","Cook"
60016,760,860,1020,1300,1520,2014,"Des Plaines","Cook"
60018,650,730,870,1110,1290,2014,"Des Plaines","Cook"
60022,980,1110,1320,1680,1960,2014,"Glencoe","Cook"
60025,820,940,1110,1420,1650,2014,"Glenview","Cook"
60026,970,1100,1300,1660,1930,2014,"Glenview Nas","Cook"
60029,730,830,980,1250,1460,2014,"Golf","Cook"
60043,730,830,980,1250,1460,2014,"Kenilworth","Cook"
60053,850,960,1140,1450,1690,2014,"Morton Grove","Cook"
60056,720,820,970,1240,1440,2014,"Mount Prospect","Cook"
60062,920,1050,1240,1580,1840,2014,"Northbrook","Cook"
60067,860,980,1160,1480,1720,2014,"Palatine","Cook"
60068,890,1010,1200,1530,1780,2014,"Park Ridge","Cook"
60070,760,860,1020,1300,1520,2014,"Prospect Heights","Cook"
60074,770,880,1040,1330,1550,2014,"Palatine","Cook"
60076,880,1000,1180,1500,1750,2014,"Skokie","Cook"
60077,810,920,1090,1390,1620,2014,"Skokie","Cook"
60090,790,890,1060,1350,1580,2014,"Wheeling","Cook"
60091,1090,1240,1470,1870,2180,2014,"Wilmette","Cook"
60093,1050,1200,1420,1810,2110,2014,"Winnetka","Cook"
60103,910,1040,1230,1570,1830,2014,"Bartlett","Cook"
60104,720,820,970,1240,1440,2014,"Bellwood","Cook"
60107,1090,1240,1470,1870,2180,2014,"Streamwood","Cook"
60130,710,800,950,1210,1410,2014,"Forest Park","Cook"
60131,620,700,830,1060,1230,2014,"Franklin Park","Cook"
60133,770,880,1040,1330,1550,2014,"Hanover Park","Cook"
60141,730,830,980,1250,1460,2014,"Hines","Cook"
60153,730,830,980,1250,1460,2014,"Maywood","Cook"
60154,980,1110,1320,1680,1960,2014,"Westchester","Cook"
60155,620,700,830,1060,1230,2014,"Broadview","Cook"
60160,650,730,870,1110,1290,2014,"Melrose Park","Cook"
60162,630,720,850,1080,1260,2014,"Hillside","Cook"
60163,750,850,1010,1290,1500,2014,"Berkeley","Cook"
60164,620,710,840,1070,1250,2014,"Melrose Park","Cook"
60165,690,780,930,1190,1380,2014,"Stone Park","Cook"
60169,790,890,1060,1350,1580,2014,"Hoffman Estates","Cook"
60171,650,740,880,1120,1310,2014,"River Grove","Cook"
60173,910,1040,1230,1570,1830,2014,"Schaumburg","Cook"
60176,680,780,920,1170,1370,2014,"Schiller Park","Cook"
60192,1090,1240,1470,1870,2180,2014,"Schaumburg","Cook"
60193,900,1020,1210,1540,1800,2014,"Schaumburg","Cook"
60194,910,1030,1220,1560,1810,2014,"Schaumburg","Cook"
60195,930,1050,1250,1590,1860,2014,"Schaumburg","Cook"
60201,940,1060,1260,1610,1870,2014,"Evanston","Cook"
60202,820,930,1100,1400,1630,2014,"Evanston","Cook"
60203,1080,1230,1460,1860,2170,2014,"Evanston","Cook"
60301,900,1020,1210,1540,1800,2014,"Oak Park","Cook"
60302,740,840,990,1260,1470,2014,"Oak Park","Cook"
60304,690,780,930,1190,1380,2014,"Oak Park","Cook"
60305,720,820,970,1240,1440,2014,"River Forest","Cook"
60402,680,770,910,1160,1350,2014,"Berwyn","Cook"
60406,620,710,840,1070,1250,2014,"Blue Island","Cook"
60409,680,770,910,1160,1350,2014,"Calumet City","Cook"
60411,690,780,930,1190,1380,2014,"Chicago Heights","Cook"
60415,680,770,910,1160,1350,2014,"Chicago Ridge","Cook"
60419,790,890,1060,1350,1580,2014,"Dolton","Cook"
60422,1090,1240,1470,1870,2180,2014,"Flossmoor","Cook"
60425,710,800,950,1210,1410,2014,"Glenwood","Cook"
60426,740,840,990,1260,1470,2014,"Harvey","Cook"
60428,940,1060,1260,1610,1870,2014,"Markham","Cook"
60429,930,1050,1250,1590,1860,2014,"Hazel Crest","Cook"
60430,690,780,930,1190,1380,2014,"Homewood","Cook"
60438,680,770,910,1160,1350,2014,"Lansing","Cook"
60443,910,1030,1220,1560,1810,2014,"Matteson","Cook"
60445,670,760,900,1150,1340,2014,"Midlothian","Cook"
60452,710,800,950,1210,1410,2014,"Oak Forest","Cook"
60453,710,800,950,1210,1410,2014,"Oak Lawn","Cook"
60455,650,740,880,1120,1310,2014,"Bridgeview","Cook"
60456,480,540,640,820,950,2014,"Hometown","Cook"
60457,660,750,890,1130,1320,2014,"Hickory Hills","Cook"
60458,720,820,970,1240,1440,2014,"Justice","Cook"
60459,710,810,960,1220,1430,2014,"Burbank","Cook"
60461,730,830,980,1250,1460,2014,"Olympia Fields","Cook"
60462,750,850,1010,1290,1500,2014,"Orland Park","Cook"
60463,1090,1240,1470,1870,2180,2014,"Palos Heights","Cook"
60464,1090,1240,1470,1870,2180,2014,"Palos Park","Cook"
60465,720,820,970,1240,1440,2014,"Palos Hills","Cook"
60466,710,810,960,1220,1430,2014,"Park Forest","Cook"
60467,1090,1240,1470,1870,2180,2014,"Orland Park","Cook"
60469,790,900,1070,1360,1590,2014,"Posen","Cook"
60471,770,880,1040,1330,1550,2014,"Richton Park","Cook"
60472,650,740,880,1120,1310,2014,"Robbins","Cook"
60473,1080,1230,1460,1860,2170,2014,"South Holland","Cook"
60475,630,720,850,1080,1260,2014,"Steger","Cook"
60476,620,710,840,1070,1250,2014,"Thornton","Cook"
60477,740,840,1000,1270,1490,2014,"Tinley Park","Cook"
60478,1090,1240,1470,1870,2180,2014,"Country Club Hills","Cook"
60480,630,720,850,1080,1260,2014,"Willow Springs","Cook"
60482,680,780,920,1170,1370,2014,"Worth","Cook"
60487,850,970,1150,1470,1710,2014,"Tinley Park","Cook"
60501,680,770,910,1160,1350,2014,"Summit Argo","Cook"
60513,760,870,1030,1310,1530,2014,"Brookfield","Cook"
60525,710,800,950,1210,1410,2014,"La Grange","Cook"
60526,770,880,1040,1330,1550,2014,"La Grange Park","Cook"
60534,690,780,930,1190,1380,2014,"Lyons","Cook"
60546,660,750,890,1130,1320,2014,"Riverside","Cook"
60558,730,830,980,1250,1460,2014,"Western Springs","Cook"
60601,1090,1240,1470,1870,2180,2014,"Chicago","Cook"
60602,1090,1240,1470,1870,2180,2014,"Chicago","Cook"
60603,1090,1240,1470,1870,2180,2014,"Chicago","Cook"
60604,1090,1240,1470,1870,2180,2014,"Chicago","Cook"
60605,1090,1240,1470,1870,2180,2014,"Chicago","Cook"
60606,1090,1240,1470,1870,2180,2014,"Chicago","Cook"
60607,1020,1160,1370,1750,2040,2014,"Chicago","Cook"
60608,610,690,820,1050,1220,2014,"Chicago","Cook"
60609,630,720,850,1080,1260,2014,"Chicago","Cook"
60610,970,1100,1300,1660,1930,2014,"Chicago","Cook"
60611,1090,1240,1470,1870,2180,2014,"Chicago","Cook"
60612,760,860,1020,1300,1520,2014,"Chicago","Cook"
60613,850,960,1140,1450,1690,2014,"Chicago","Cook"
60614,960,1090,1290,1640,1920,2014,"Chicago","Cook"
60615,700,790,940,1200,1400,2014,"Chicago","Cook"
60616,700,790,940,1200,1400,2014,"Chicago","Cook"
60617,630,720,850,1080,1260,2014,"Chicago","Cook"
60618,760,860,1020,1300,1520,2014,"Chicago","Cook"
60619,640,730,860,1100,1280,2014,"Chicago","Cook"
60620,680,770,910,1160,1350,2014,"Chicago","Cook"
60621,670,760,900,1150,1340,2014,"Chicago","Cook"
60622,850,970,1150,1470,1710,2014,"Chicago","Cook"
60623,620,700,830,1060,1230,2014,"Chicago","Cook"
60624,750,850,1010,1290,1500,2014,"Chicago","Cook"
60625,720,820,970,1240,1440,2014,"Chicago","Cook"
60626,650,740,880,1120,1310,2014,"Chicago","Cook"
60628,740,840,1000,1270,1490,2014,"Chicago","Cook"
60629,680,780,920,1170,1370,2014,"Chicago","Cook"
60630,720,820,970,1240,1440,2014,"Chicago","Cook"
60631,770,880,1040,1330,1550,2014,"Chicago","Cook"
60632,640,730,860,1100,1280,2014,"Chicago","Cook"
60633,660,750,890,1130,1320,2014,"Chicago","Cook"
60634,710,810,960,1220,1430,2014,"Chicago","Cook"
60636,720,820,970,1240,1440,2014,"Chicago","Cook"
60637,700,790,940,1200,1400,2014,"Chicago","Cook"
60638,670,760,900,1150,1340,2014,"Chicago","Cook"
60639,710,810,960,1220,1430,2014,"Chicago","Cook"
60640,650,740,880,1120,1310,2014,"Chicago","Cook"
60641,680,780,920,1170,1370,2014,"Chicago","Cook"
60642,840,950,1130,1440,1680,2014,"Chicago","Cook"
60643,710,800,950,1210,1410,2014,"Chicago","Cook"
60644,670,760,900,1150,1340,2014,"Chicago","Cook"
60645,740,840,990,1260,1470,2014,"Chicago","Cook"
60646,710,810,960,1220,1430,2014,"Chicago","Cook"
60647,750,850,1010,1290,1500,2014,"Chicago","Cook"
60649,630,720,850,1080,1260,2014,"Chicago","Cook"
60651,740,840,1000,1270,1490,2014,"Chicago","Cook"
60652,760,870,1030,1310,1530,2014,"Chicago","Cook"
60653,580,660,780,990,1160,2014,"Chicago","Cook"
60654,1090,1240,1470,1870,2180,2014,"Chicago","Cook"
60655,690,780,930,1190,1380,2014,"Chicago","Cook"
60656,770,880,1040,1330,1550,2014,"Chicago","Cook"
60657,900,1020,1210,1540,1800,2014,"Chicago","Cook"
60659,740,840,990,1260,1470,2014,"Chicago","Cook"
60660,650,730,870,1110,1290,2014,"Chicago","Cook"
60661,1080,1230,1460,1860,2170,2014,"Chicago","Cook"
60706,670,760,900,1150,1340,2014,"Harwood Heights","Cook"
60707,680,780,920,1170,1370,2014,"Elmwood Park","Cook"
60712,1090,1240,1470,1870,2180,2014,"Lincolnwood","Cook"
60714,710,810,960,1220,1430,2014,"Niles","Cook"
60803,640,730,860,1100,1280,2014,"Alsip","Cook"
60804,620,710,840,1070,1250,2014,"Cicero","Cook"
60805,760,870,1030,1310,1530,2014,"Evergreen Park","Cook"
60827,730,830,980,1250,1460,2014,"Riverdale","Cook"
