"station_id","year","total_frequency","total_ridership","latitude","longitude"
40050,2012,23912,1251574,42.04771,-87.683543
40050,2013,23912,1236190,42.04771,-87.683543
40050,2014,23912,1258199,42.04771,-87.683543
40050,2015,23912,1247161,42.04771,-87.683543
40050,2016,23963,1202570,42.04771,-87.683543
40050,2017,23890,1164466,42.04771,-87.683543
40050,2018,23912,1152005,42.04771,-87.683543
40050,2019,23912,1091440,42.04771,-87.683543
40050,2020,23984,393596,42.04771,-87.683543
40050,2021,23890,392194,42.04771,-87.683543
40050,2022,23913,468102,42.04771,-87.683543
40050,2023,11891,248931,42.04771,-87.683543
40080,2012,33732,1768581,41.953775,-87.654929
40080,2013,33732,1796455,41.953775,-87.654929
40080,2014,33732,1823423,41.953775,-87.654929
40080,2015,33732,1846676,41.953775,-87.654929
40080,2016,33810,1862480,41.953775,-87.654929
40080,2017,33704,1726236,41.953775,-87.654929
40080,2018,33732,1592654,41.953775,-87.654929
40080,2019,33732,1503864,41.953775,-87.654929
40080,2020,33832,496168,41.953775,-87.654929
40080,2021,33704,536034,41.953775,-87.654929
40080,2022,33738,714841,41.953775,-87.654929
40080,2023,16766,389015,41.953775,-87.654929
40100,2012,33732,1324460,42.008362,-87.665909
40100,2013,33732,1523343,42.008362,-87.665909
40100,2014,33732,1655567,42.008362,-87.665909
40100,2015,33732,1636238,42.008362,-87.665909
40100,2016,33810,1596278,42.008362,-87.665909
40100,2017,33704,1513347,42.008362,-87.665909
40100,2018,33732,1465115,42.008362,-87.665909
40100,2019,33732,1387878,42.008362,-87.665909
40100,2020,33832,551071,42.008362,-87.665909
40100,2021,33704,549693,42.008362,-87.665909
40100,2022,33738,663066,42.008362,-87.665909
40100,2023,16766,354619,42.008362,-87.665909
40120,2012,23696,911228,41.829353,-87.680622
40120,2013,23696,936192,41.829353,-87.680622
40120,2014,23696,936665,41.829353,-87.680622
40120,2015,23696,983098,41.829353,-87.680622
40120,2016,23760,984456,41.829353,-87.680622
40120,2017,23691,956194,41.829353,-87.680622
40120,2018,23696,918747,41.829353,-87.680622
40120,2019,23696,896292,41.829353,-87.680622
40120,2020,23762,326259,41.829353,-87.680622
40120,2021,23691,352399,41.829353,-87.680622
40120,2022,23699,477257,41.829353,-87.680622
40120,2023,11756,254224,41.829353,-87.680622
40130,2012,22120,370054,41.80209,-87.618487
40130,2013,22120,447449,41.80209,-87.618487
40130,2014,22120,362309,41.80209,-87.618487
40130,2015,22120,362789,41.80209,-87.618487
40130,2016,22180,329375,41.80209,-87.618487
40130,2017,22113,304359,41.80209,-87.618487
40130,2018,22120,327277,41.80209,-87.618487
40130,2019,22120,288107,41.80209,-87.618487
40130,2020,22182,131619,41.80209,-87.618487
40130,2021,22113,124414,41.80209,-87.618487
40130,2022,22125,147163,41.80209,-87.618487
40130,2023,10976,73516,41.80209,-87.618487
40140,2012,15446,570533,42.038951,-87.751919
40140,2013,20510,697441,42.038951,-87.751919
40140,2014,20510,685359,42.038951,-87.751919
40140,2015,20510,323519,42.038951,-87.751919
40140,2016,20562,608260,42.038951,-87.751919
40140,2017,20504,617395,42.038951,-87.751919
40140,2018,20510,597505,42.038951,-87.751919
40140,2019,20510,557333,42.038951,-87.751919
40140,2020,20568,183819,42.038951,-87.751919
40140,2021,20504,188770,42.038951,-87.751919
40140,2022,20510,231114,42.038951,-87.751919
40140,2023,10180,129054,42.038951,-87.751919
40160,2012,47056,1623958,41.8768,-87.631739
40160,2013,47056,1595740,41.8768,-87.631739
40160,2014,47056,1641974,41.8768,-87.631739
40160,2015,47056,1548710,41.8768,-87.631739
40160,2016,47182,1613702,41.8768,-87.631739
40160,2017,47042,1624240,41.8768,-87.631739
40160,2018,47056,1658020,41.8768,-87.631739
40160,2019,47056,1660126,41.8768,-87.631739
40160,2020,47188,515572,41.8768,-87.631739
40160,2021,47042,417716,41.8768,-87.631739
40160,2022,47064,686746,41.8768,-87.631739
40160,2023,23350,417960,41.8768,-87.631739
40230,2012,29097,1455574,41.984246,-87.838028
40230,2013,29097,1438568,41.984246,-87.838028
40230,2014,29097,1386121,41.984246,-87.838028
40230,2015,29097,1451415,41.984246,-87.838028
40230,2016,29161,1415311,41.984246,-87.838028
40230,2017,29061,1405904,41.984246,-87.838028
40230,2018,29097,1335368,41.984246,-87.838028
40230,2019,29097,1239810,41.984246,-87.838028
40230,2020,29186,401506,41.984246,-87.838028
40230,2021,29061,375987,41.984246,-87.838028
40230,2022,29108,488142,41.984246,-87.838028
40230,2023,14476,265121,41.984246,-87.838028
40240,2012,33732,2473964,41.750419,-87.625112
40240,2013,30988,1243537,41.750419,-87.625112
40240,2014,33732,2418676,41.750419,-87.625112
40240,2015,33732,2507871,41.750419,-87.625112
40240,2016,33810,2363196,41.750419,-87.625112
40240,2017,33704,2213115,41.750419,-87.625112
40240,2018,33732,2120951,41.750419,-87.625112
40240,2019,33732,1975866,41.750419,-87.625112
40240,2020,33832,972675,41.750419,-87.625112
40240,2021,33704,821484,41.750419,-87.625112
40240,2022,33738,874011,41.750419,-87.625112
40240,2023,16766,435167,41.750419,-87.625112
40260,2012,93401,12251192,41.88574,-87.627835
40260,2013,93401,12174248,41.88574,-87.627835
40260,2014,93401,12368824,41.88574,-87.627835
40260,2015,93401,13183176,41.88574,-87.627835
40260,2016,93638,12587204,41.88574,-87.627835
40260,2017,93358,13225976,41.88574,-87.627835
40260,2018,93401,15119400,41.88574,-87.627835
40260,2019,93401,15132748,41.88574,-87.627835
40260,2020,93668,4657004,41.88574,-87.627835
40260,2021,93358,5500248,41.88574,-87.627835
40260,2022,93414,7790540,41.88574,-87.627835
40260,2023,46373,4168652,41.88574,-87.627835
40270,2012,24167,385130,42.033456,-87.679538
40270,2013,24167,382038,42.033456,-87.679538
40270,2014,24167,403441,42.033456,-87.679538
40270,2015,24167,398927,42.033456,-87.679538
40270,2016,24218,391531,42.033456,-87.679538
40270,2017,24144,385064,42.033456,-87.679538
40270,2018,24167,371563,42.033456,-87.679538
40270,2019,24167,358222,42.033456,-87.679538
40270,2020,24240,126017,42.033456,-87.679538
40270,2021,24144,132190,42.033456,-87.679538
40270,2022,24168,157729,42.033456,-87.679538
40270,2023,12019,84616,42.033456,-87.679538
40290,2012,22120,497737,41.77886,-87.663766
40290,2013,22120,738675,41.77886,-87.663766
40290,2014,22120,479337,41.77886,-87.663766
40290,2015,22120,442791,41.77886,-87.663766
40290,2016,22180,376696,41.77886,-87.663766
40290,2017,22113,366831,41.77886,-87.663766
40290,2018,22120,342831,41.77886,-87.663766
40290,2019,22120,301890,41.77886,-87.663766
40290,2020,22182,150810,41.77886,-87.663766
40290,2021,22113,137212,41.77886,-87.663766
40290,2022,22125,145954,41.77886,-87.663766
40290,2023,10976,75197,41.77886,-87.663766
40300,2012,22120,295474,41.821732,-87.621371
40300,2013,22120,371138,41.821732,-87.621371
40300,2014,22120,314498,41.821732,-87.621371
40300,2015,22120,297134,41.821732,-87.621371
40300,2016,22180,271887,41.821732,-87.621371
40300,2017,22113,266849,41.821732,-87.621371
40300,2018,22120,253231,41.821732,-87.621371
40300,2019,22120,231963,41.821732,-87.621371
40300,2020,22182,99395,41.821732,-87.621371
40300,2021,22113,88846,41.821732,-87.621371
40300,2022,22125,97553,41.821732,-87.621371
40300,2023,10976,48887,41.821732,-87.621371
40340,2012,33732,939637,41.977984,-87.658668
40340,2013,33732,1039612,41.977984,-87.658668
40340,2014,33732,1180973,41.977984,-87.658668
40340,2015,33732,1178291,41.977984,-87.658668
40340,2016,33810,1159261,41.977984,-87.658668
40340,2017,33704,1094141,41.977984,-87.658668
40340,2018,33732,1063456,41.977984,-87.658668
40340,2019,33732,1013553,41.977984,-87.658668
40340,2020,33832,406530,41.977984,-87.658668
40340,2021,33704,99870,41.977984,-87.658668
40340,2022,33738,0,41.977984,-87.658668
40340,2023,16766,0,41.977984,-87.658668
40350,2012,29097,1725482,41.875474,-87.649707
40350,2013,29097,1715302,41.875474,-87.649707
40350,2014,29097,1695108,41.875474,-87.649707
40350,2015,29097,1676810,41.875474,-87.649707
40350,2016,29161,1725557,41.875474,-87.649707
40350,2017,29061,1702964,41.875474,-87.649707
40350,2018,29097,1722221,41.875474,-87.649707
40350,2019,29097,1729039,41.875474,-87.649707
40350,2020,29186,524093,41.875474,-87.649707
40350,2021,29061,553162,41.875474,-87.649707
40350,2022,29108,859371,41.875474,-87.649707
40350,2023,14476,421935,41.875474,-87.649707
40360,2012,28332,1008675,41.943744,-87.663619
40360,2013,28332,1043856,41.943744,-87.663619
40360,2014,28332,1060530,41.943744,-87.663619
40360,2015,28332,1042720,41.943744,-87.663619
40360,2016,28396,1126200,41.943744,-87.663619
40360,2017,28299,1137842,41.943744,-87.663619
40360,2018,28332,1122875,41.943744,-87.663619
40360,2019,28332,1084936,41.943744,-87.663619
40360,2020,28418,305940,41.943744,-87.663619
40360,2021,28299,352367,41.943744,-87.663619
40360,2022,28343,529843,41.943744,-87.663619
40360,2023,14092,310182,41.943744,-87.663619
40380,2012,122498,28235345,41.885737,-87.630886
40380,2013,122498,27717795,41.885737,-87.630886
40380,2014,122498,27866175,41.885737,-87.630886
40380,2015,122498,29985345,41.885737,-87.630886
40380,2016,122799,29863330,41.885737,-87.630886
40380,2017,122419,30112665,41.885737,-87.630886
40380,2018,122498,30241575,41.885737,-87.630886
40380,2019,122498,29153835,41.885737,-87.630886
40380,2020,122854,8243370,41.885737,-87.630886
40380,2021,122419,7705430,41.885737,-87.630886
40380,2022,122522,11103890,41.885737,-87.630886
40380,2023,60849,5883130,41.885737,-87.630886
40390,2012,26292,1203142,41.874257,-87.817318
40390,2013,26292,1155802,41.874257,-87.817318
40390,2014,26292,1157040,41.874257,-87.817318
40390,2015,26292,1135352,41.874257,-87.817318
40390,2016,26356,1101467,41.874257,-87.817318
40390,2017,26267,1046738,41.874257,-87.817318
40390,2018,26292,1002809,41.874257,-87.817318
40390,2019,26292,924239,41.874257,-87.817318
40390,2020,26370,402347,41.874257,-87.817318
40390,2021,26267,334648,41.874257,-87.817318
40390,2022,26303,356015,41.874257,-87.817318
40390,2023,13068,180704,41.874257,-87.817318
40400,2012,24277,243770,42.058282,-87.683337
40400,2013,24277,245804,42.058282,-87.683337
40400,2014,24277,256118,42.058282,-87.683337
40400,2015,24277,257335,42.058282,-87.683337
40400,2016,24329,277442,42.058282,-87.683337
40400,2017,24255,282461,42.058282,-87.683337
40400,2018,24277,282356,42.058282,-87.683337
40400,2019,24277,276037,42.058282,-87.683337
40400,2020,24350,85834,42.058282,-87.683337
40400,2021,24255,107387,42.058282,-87.683337
40400,2022,24278,146364,42.058282,-87.683337
40400,2023,12072,80309,42.058282,-87.683337
40450,2012,33732,3977011,41.722377,-87.624342
40450,2013,30988,1996862,41.722377,-87.624342
40450,2014,33732,3669599,41.722377,-87.624342
40450,2015,33732,3676215,41.722377,-87.624342
40450,2016,33810,3468728,41.722377,-87.624342
40450,2017,33704,3261146,41.722377,-87.624342
40450,2018,33732,3024989,41.722377,-87.624342
40450,2019,33732,2818826,41.722377,-87.624342
40450,2020,33832,1425095,41.722377,-87.624342
40450,2021,33704,1170323,41.722377,-87.624342
40450,2022,33738,1330341,41.722377,-87.624342
40450,2023,16766,689016,41.722377,-87.624342
40460,2012,24167,1915796,41.888969,-87.633924
40460,2013,24167,1927931,41.888969,-87.633924
40460,2014,24167,2100263,41.888969,-87.633924
40460,2015,24167,2091451,41.888969,-87.633924
40460,2016,24218,2219219,41.888969,-87.633924
40460,2017,24144,2249029,41.888969,-87.633924
40460,2018,24167,2288454,41.888969,-87.633924
40460,2019,24167,2237817,41.888969,-87.633924
40460,2020,24240,580038,41.888969,-87.633924
40460,2021,24144,542819,41.888969,-87.633924
40460,2022,24168,881310,41.888969,-87.633924
40460,2023,12019,520141,41.888969,-87.633924
40470,2012,26292,726405,41.87592,-87.659458
40470,2013,26292,751720,41.87592,-87.659458
40470,2014,26292,757731,41.87592,-87.659458
40470,2015,26292,733620,41.87592,-87.659458
40470,2016,26356,674154,41.87592,-87.659458
40470,2017,26267,655557,41.87592,-87.659458
40470,2018,26292,678695,41.87592,-87.659458
40470,2019,26292,622690,41.87592,-87.659458
40470,2020,26370,196114,41.87592,-87.659458
40470,2021,26267,222941,41.87592,-87.659458
40470,2022,26303,323222,41.87592,-87.659458
40470,2023,13068,155766,41.87592,-87.659458
40520,2012,24277,269664,42.05416,-87.68356
40520,2013,24277,266600,42.05416,-87.68356
40520,2014,24277,272856,42.05416,-87.68356
40520,2015,24277,282795,42.05416,-87.68356
40520,2016,24329,290644,42.05416,-87.68356
40520,2017,24255,276646,42.05416,-87.68356
40520,2018,24277,258836,42.05416,-87.68356
40520,2019,24277,252742,42.05416,-87.68356
40520,2020,24350,79320,42.05416,-87.68356
40520,2021,24255,97843,42.05416,-87.68356
40520,2022,24278,133737,42.05416,-87.68356
40520,2023,12072,69480,42.05416,-87.68356
40530,2012,52499,3446342,41.932732,-87.653131
40530,2013,52499,3619838,41.932732,-87.653131
40530,2014,52499,3578196,41.932732,-87.653131
40530,2015,52499,3450390,41.932732,-87.653131
40530,2016,52614,3513720,41.932732,-87.653131
40530,2017,52443,3362648,41.932732,-87.653131
40530,2018,52499,3395804,41.932732,-87.653131
40530,2019,52499,3302014,41.932732,-87.653131
40530,2020,52658,1050438,41.932732,-87.653131
40530,2021,52443,1108096,41.932732,-87.653131
40530,2022,52511,1598974,41.932732,-87.653131
40530,2023,26111,895168,41.932732,-87.653131
40540,2012,57899,4200982,41.964273,-87.657588
40540,2013,57899,4033704,41.964273,-87.657588
40540,2014,57899,3949286,41.964273,-87.657588
40540,2015,57899,3879872,41.964273,-87.657588
40540,2016,58028,3743696,41.964273,-87.657588
40540,2017,57848,3576070,41.964273,-87.657588
40540,2018,57899,4123522,41.964273,-87.657588
40540,2019,57899,4086774,41.964273,-87.657588
40540,2020,58072,1714272,41.964273,-87.657588
40540,2021,57848,2106148,41.964273,-87.657588
40540,2022,57906,2758832,41.964273,-87.657588
40540,2023,28785,1515168,41.964273,-87.657588
40600,2012,24125,141026,41.853751,-87.733258
40600,2013,24125,155403,41.853751,-87.733258
40600,2014,24125,173759,41.853751,-87.733258
40600,2015,24125,174320,41.853751,-87.733258
40600,2016,24187,163337,41.853751,-87.733258
40600,2017,24113,157504,41.853751,-87.733258
40600,2018,24125,150211,41.853751,-87.733258
40600,2019,24125,144034,41.853751,-87.733258
40600,2020,24194,69864,41.853751,-87.733258
40600,2021,24113,65197,41.853751,-87.733258
40600,2022,24130,73788,41.853751,-87.733258
40600,2023,11978,38794,41.853751,-87.733258
40610,2012,22120,400961,41.887159,-87.783661
40610,2013,22120,396954,41.887159,-87.783661
40610,2014,22120,391299,41.887159,-87.783661
40610,2015,22120,393399,41.887159,-87.783661
40610,2016,22180,389944,41.887159,-87.783661
40610,2017,22113,411170,41.887159,-87.783661
40610,2018,22120,403026,41.887159,-87.783661
40610,2019,22120,386792,41.887159,-87.783661
40610,2020,22182,122683,41.887159,-87.783661
40610,2021,22113,118205,41.887159,-87.783661
40610,2022,22125,159921,41.887159,-87.783661
40610,2023,10976,90394,41.887159,-87.783661
40630,2012,33732,2651651,41.90392,-87.631412
40630,2013,33732,2554556,41.90392,-87.631412
40630,2014,33732,2583811,41.90392,-87.631412
40630,2015,33732,2566958,41.90392,-87.631412
40630,2016,33810,2747593,41.90392,-87.631412
40630,2017,33704,2630294,41.90392,-87.631412
40630,2018,33732,2585408,41.90392,-87.631412
40630,2019,33732,2452981,41.90392,-87.631412
40630,2020,33832,836745,41.90392,-87.631412
40630,2021,33704,1077615,41.90392,-87.631412
40630,2022,33738,1330609,41.90392,-87.631412
40630,2023,16766,696598,41.90392,-87.631412
40650,2012,33732,1859839,41.910655,-87.649177
40650,2013,33732,1919729,41.910655,-87.649177
40650,2014,33732,2050476,41.910655,-87.649177
40650,2015,33732,2146351,41.910655,-87.649177
40650,2016,33810,2128272,41.910655,-87.649177
40650,2017,33704,1950402,41.910655,-87.649177
40650,2018,33732,1871512,41.910655,-87.649177
40650,2019,33732,1780616,41.910655,-87.649177
40650,2020,33832,609284,41.910655,-87.649177
40650,2021,33704,672823,41.910655,-87.649177
40650,2022,33738,852006,41.910655,-87.649177
40650,2023,16766,449872,41.910655,-87.649177
40660,2012,52499,2688136,41.918217,-87.652644
40660,2013,52499,2657604,41.918217,-87.652644
40660,2014,52499,2659964,41.918217,-87.652644
40660,2015,52499,2485476,41.918217,-87.652644
40660,2016,52614,2685240,41.918217,-87.652644
40660,2017,52443,2626338,41.918217,-87.652644
40660,2018,52499,2572212,41.918217,-87.652644
40660,2019,52499,2487302,41.918217,-87.652644
40660,2020,52658,757324,41.918217,-87.652644
40660,2021,52443,917972,41.918217,-87.652644
40660,2022,52511,1381990,41.918217,-87.652644
40660,2023,26111,769774,41.918217,-87.652644
40680,2012,93343,9063472,41.879507,-87.626037
40680,2013,93343,8713088,41.879507,-87.626037
40680,2014,93343,8525764,41.879507,-87.626037
40680,2015,93343,11153016,41.879507,-87.626037
40680,2016,93580,11233520,41.879507,-87.626037
40680,2017,93299,10293116,41.879507,-87.626037
40680,2018,93343,8899820,41.879507,-87.626037
40680,2019,93343,8349932,41.879507,-87.626037
40680,2020,93610,2545864,41.879507,-87.626037
40680,2021,93299,2690500,41.879507,-87.626037
40680,2022,93357,4335808,41.879507,-87.626037
40680,2023,46345,2441128,41.879507,-87.626037
40690,2012,24167,272732,42.041655,-87.681602
40690,2013,24167,284376,42.041655,-87.681602
40690,2014,24167,303799,42.041655,-87.681602
40690,2015,24167,299417,42.041655,-87.681602
40690,2016,24218,285226,42.041655,-87.681602
40690,2017,24144,279608,42.041655,-87.681602
40690,2018,24167,271102,42.041655,-87.681602
40690,2019,24167,258934,42.041655,-87.681602
40690,2020,24240,96449,42.041655,-87.681602
40690,2021,24144,102300,42.041655,-87.681602
40690,2022,24168,129295,42.041655,-87.681602
40690,2023,12019,67417,42.041655,-87.681602
40700,2012,22120,452362,41.887163,-87.754986
40700,2013,22120,450871,41.887163,-87.754986
40700,2014,22120,465524,41.887163,-87.754986
40700,2015,22120,456044,41.887163,-87.754986
40700,2016,22180,436103,41.887163,-87.754986
40700,2017,22113,372667,41.887163,-87.754986
40700,2018,22120,363975,41.887163,-87.754986
40700,2019,22120,337121,41.887163,-87.754986
40700,2020,22182,169442,41.887163,-87.754986
40700,2021,22113,147505,41.887163,-87.754986
40700,2022,22125,168788,41.887163,-87.754986
40700,2023,10976,94643,41.887163,-87.754986
40730,2012,71223,6178881,41.882695,-87.63378
40730,2013,71223,6091947,41.882695,-87.63378
40730,2014,71223,6191277,41.882695,-87.63378
40730,2015,71223,6425166,41.882695,-87.63378
40730,2016,71400,6905943,41.882695,-87.63378
40730,2017,71186,6656037,41.882695,-87.63378
40730,2018,71223,6536889,41.882695,-87.63378
40730,2019,71223,6643566,41.882695,-87.63378
40730,2020,71428,2006484,41.882695,-87.63378
40730,2021,71186,1739496,41.882695,-87.63378
40730,2022,71232,2845008,41.882695,-87.63378
40730,2023,35369,1687041,41.882695,-87.63378
40760,2012,33732,1155454,41.993664,-87.659202
40760,2013,33732,1333721,41.993664,-87.659202
40760,2014,33732,1419768,41.993664,-87.659202
40760,2015,33732,1405376,41.993664,-87.659202
40760,2016,33810,1369003,41.993664,-87.659202
40760,2017,33704,1307096,41.993664,-87.659202
40760,2018,33732,1276895,41.993664,-87.659202
40760,2019,33732,1201804,41.993664,-87.659202
40760,2020,33832,397034,41.993664,-87.659202
40760,2021,33704,464166,41.993664,-87.659202
40760,2022,33738,598670,41.993664,-87.659202
40760,2023,16766,323222,41.993664,-87.659202
40770,2012,33732,976006,41.969139,-87.658493
40770,2013,33732,1082730,41.969139,-87.658493
40770,2014,33732,1147022,41.969139,-87.658493
40770,2015,33732,1139764,41.969139,-87.658493
40770,2016,33810,1148150,41.969139,-87.658493
40770,2017,33704,1149858,41.969139,-87.658493
40770,2018,33732,1040727,41.969139,-87.658493
40770,2019,33732,975396,41.969139,-87.658493
40770,2020,33832,340496,41.969139,-87.658493
40770,2021,33704,94377,41.969139,-87.658493
40770,2022,33738,0,41.969139,-87.658493
40770,2023,16766,0,41.969139,-87.658493
40780,2012,24125,397385,41.853839,-87.714842
40780,2013,24125,408274,41.853839,-87.714842
40780,2014,24125,417750,41.853839,-87.714842
40780,2015,24125,425670,41.853839,-87.714842
40780,2016,24187,384087,41.853839,-87.714842
40780,2017,24113,361410,41.853839,-87.714842
40780,2018,24125,361988,41.853839,-87.714842
40780,2019,24125,343146,41.853839,-87.714842
40780,2020,24194,165239,41.853839,-87.714842
40780,2021,24113,161323,41.853839,-87.714842
40780,2022,24130,192451,41.853839,-87.714842
40780,2023,11978,98802,41.853839,-87.714842
40800,2012,52499,2600070,41.910409,-87.639302
40800,2013,52499,2527760,41.910409,-87.639302
40800,2014,52499,2495618,41.910409,-87.639302
40800,2015,52499,2303328,41.910409,-87.639302
40800,2016,52614,2508438,41.910409,-87.639302
40800,2017,52443,2428484,41.910409,-87.639302
40800,2018,52499,2367740,41.910409,-87.639302
40800,2019,52499,2320514,41.910409,-87.639302
40800,2020,52658,726658,41.910409,-87.639302
40800,2021,52443,932372,41.910409,-87.639302
40800,2022,52511,1353484,41.910409,-87.639302
40800,2023,26111,731666,41.910409,-87.639302
40820,2012,29097,1728136,41.983507,-87.859388
40820,2013,29097,1893723,41.983507,-87.859388
40820,2014,29097,2090977,41.983507,-87.859388
40820,2015,29097,2106653,41.983507,-87.859388
40820,2016,29161,2062702,41.983507,-87.859388
40820,2017,29061,2031418,41.983507,-87.859388
40820,2018,29097,2053166,41.983507,-87.859388
40820,2019,29097,1968273,41.983507,-87.859388
40820,2020,29186,709783,41.983507,-87.859388
40820,2021,29061,757001,41.983507,-87.859388
40820,2022,29108,987422,41.983507,-87.859388
40820,2023,14476,492840,41.983507,-87.859388
40830,2012,3364,52824,41.857908,-87.669147
40830,2013,3364,55654,41.857908,-87.669147
40830,2014,3364,60744,41.857908,-87.669147
40830,2015,3364,62799,41.857908,-87.669147
40830,2016,3364,58914,41.857908,-87.669147
40830,2017,3422,58302,41.857908,-87.669147
40830,2018,3364,51970,41.857908,-87.669147
40830,2019,3364,46129,41.857908,-87.669147
40830,2020,3364,20921,41.857908,-87.669147
40830,2021,3422,33547,41.857908,-87.669147
40830,2022,3306,39343,41.857908,-87.669147
40830,2023,1624,19805,41.857908,-87.669147
40870,2012,28332,453461,41.966046,-87.701644
40870,2013,28332,478809,41.966046,-87.701644
40870,2014,28332,475032,41.966046,-87.701644
40870,2015,28332,478282,41.966046,-87.701644
40870,2016,28396,501852,41.966046,-87.701644
40870,2017,28299,507580,41.966046,-87.701644
40870,2018,28332,499234,41.966046,-87.701644
40870,2019,28332,489000,41.966046,-87.701644
40870,2020,28418,159792,41.966046,-87.701644
40870,2021,28299,171621,41.966046,-87.701644
40870,2022,28343,233501,41.966046,-87.701644
40870,2023,14092,132053,41.966046,-87.701644
40880,2012,33732,868916,41.990259,-87.659076
40880,2013,33732,953569,41.990259,-87.659076
40880,2014,33732,994768,41.990259,-87.659076
40880,2015,33732,1013867,41.990259,-87.659076
40880,2016,33810,1022049,41.990259,-87.659076
40880,2017,33704,992142,41.990259,-87.659076
40880,2018,33732,973663,41.990259,-87.659076
40880,2019,33732,930062,41.990259,-87.659076
40880,2020,33832,307788,41.990259,-87.659076
40880,2021,33704,340467,41.990259,-87.659076
40880,2022,33738,427304,41.990259,-87.659076
40880,2023,16766,237529,41.990259,-87.659076
40900,2012,78409,6450642,42.019063,-87.672892
40900,2013,78409,6199365,42.019063,-87.672892
40900,2014,78409,6131142,42.019063,-87.672892
40900,2015,78409,6627930,42.019063,-87.672892
40900,2016,78590,5715321,42.019063,-87.672892
40900,2017,78352,5534616,42.019063,-87.672892
40900,2018,78409,5231040,42.019063,-87.672892
40900,2019,78409,4952427,42.019063,-87.672892
40900,2020,78640,2286900,42.019063,-87.672892
40900,2021,78352,2172285,42.019063,-87.672892
40900,2022,78416,2506710,42.019063,-87.672892
40900,2023,38965,1395156,42.019063,-87.672892
40990,2012,33732,1878023,41.768367,-87.625724
40990,2013,30988,932660,41.768367,-87.625724
40990,2014,33732,1800001,41.768367,-87.625724
40990,2015,33732,1870456,41.768367,-87.625724
40990,2016,33810,1780101,41.768367,-87.625724
40990,2017,33704,1665318,41.768367,-87.625724
40990,2018,33732,1564203,41.768367,-87.625724
40990,2019,33732,1423925,41.768367,-87.625724
40990,2020,33832,682175,41.768367,-87.625724
40990,2021,33704,593031,41.768367,-87.625724
40990,2022,33738,627587,41.768367,-87.625724
40990,2023,16766,315070,41.768367,-87.625724
41000,2012,33732,1609171,41.853206,-87.630968
41000,2013,30988,823799,41.853206,-87.630968
41000,2014,33732,1567588,41.853206,-87.630968
41000,2015,33732,1547817,41.853206,-87.630968
41000,2016,33810,1549250,41.853206,-87.630968
41000,2017,33704,1509607,41.853206,-87.630968
41000,2018,33732,1459134,41.853206,-87.630968
41000,2019,33732,1456259,41.853206,-87.630968
41000,2020,33832,444746,41.853206,-87.630968
41000,2021,33704,650972,41.853206,-87.630968
41000,2022,33738,874515,41.853206,-87.630968
41000,2023,16766,448015,41.853206,-87.630968
41010,2012,28332,538658,41.966115,-87.6941
41010,2013,28332,568564,41.966115,-87.6941
41010,2014,28332,575749,41.966115,-87.6941
41010,2015,28332,564549,41.966115,-87.6941
41010,2016,28396,578639,41.966115,-87.6941
41010,2017,28299,561690,41.966115,-87.6941
41010,2018,28332,523114,41.966115,-87.6941
41010,2019,28332,532671,41.966115,-87.6941
41010,2020,28418,164282,41.966115,-87.6941
41010,2021,28299,162803,41.966115,-87.6941
41010,2022,28343,241429,41.966115,-87.6941
41010,2023,14092,137977,41.966115,-87.6941
41020,2012,29097,2092199,41.929728,-87.708541
41020,2013,29097,2199436,41.929728,-87.708541
41020,2014,29097,2285653,41.929728,-87.708541
41020,2015,29097,2315219,41.929728,-87.708541
41020,2016,29161,2301150,41.929728,-87.708541
41020,2017,29061,2261071,41.929728,-87.708541
41020,2018,29097,2312036,41.929728,-87.708541
41020,2019,29097,2261714,41.929728,-87.708541
41020,2020,29186,700242,41.929728,-87.708541
41020,2021,29061,738118,41.929728,-87.708541
41020,2022,29108,1023332,41.929728,-87.708541
41020,2023,14476,515584,41.929728,-87.708541
41030,2012,23928,950670,41.871551,-87.66953
41030,2013,23928,942505,41.871551,-87.66953
41030,2014,23928,957736,41.871551,-87.66953
41030,2015,23928,993972,41.871551,-87.66953
41030,2016,23990,928561,41.871551,-87.66953
41030,2017,23918,893334,41.871551,-87.66953
41030,2018,23928,898021,41.871551,-87.66953
41030,2019,23928,869191,41.871551,-87.66953
41030,2020,23996,373443,41.871551,-87.66953
41030,2021,23918,419554,41.871551,-87.66953
41030,2022,23932,505310,41.871551,-87.66953
41030,2023,11878,268921,41.871551,-87.66953
41050,2012,24277,310429,42.073153,-87.69073
41050,2013,24277,288998,42.073153,-87.69073
41050,2014,24277,291913,42.073153,-87.69073
41050,2015,24277,321298,42.073153,-87.69073
41050,2016,24329,320894,42.073153,-87.69073
41050,2017,24255,311242,42.073153,-87.69073
41050,2018,24277,304296,42.073153,-87.69073
41050,2019,24277,296321,42.073153,-87.69073
41050,2020,24350,89189,42.073153,-87.69073
41050,2021,24255,106402,42.073153,-87.69073
41050,2022,24278,128920,42.073153,-87.69073
41050,2023,12072,72341,42.073153,-87.69073
41140,2012,22120,208701,41.78013,-87.615546
41140,2013,22120,282132,41.78013,-87.615546
41140,2014,22120,213742,41.78013,-87.615546
41140,2015,22120,211184,41.78013,-87.615546
41140,2016,22180,194758,41.78013,-87.615546
41140,2017,22113,176519,41.78013,-87.615546
41140,2018,22120,162745,41.78013,-87.615546
41140,2019,22120,139131,41.78013,-87.615546
41140,2020,22182,74689,41.78013,-87.615546
41140,2021,22113,64348,41.78013,-87.615546
41140,2022,22125,63011,41.78013,-87.615546
41140,2023,10976,35710,41.78013,-87.615546
41190,2012,33732,468487,42.015876,-87.669092
41190,2013,33732,528030,42.015876,-87.669092
41190,2014,33732,571617,42.015876,-87.669092
41190,2015,33732,581445,42.015876,-87.669092
41190,2016,33810,569390,42.015876,-87.669092
41190,2017,33704,537342,42.015876,-87.669092
41190,2018,33732,503147,42.015876,-87.669092
41190,2019,33732,479462,42.015876,-87.669092
41190,2020,33832,198890,42.015876,-87.669092
41190,2021,33704,205151,42.015876,-87.669092
41190,2022,33738,262994,42.015876,-87.669092
41190,2023,16766,142823,42.015876,-87.669092
41200,2012,33732,866141,41.973453,-87.65853
41200,2013,33732,976106,41.973453,-87.65853
41200,2014,33732,1079365,41.973453,-87.65853
41200,2015,33732,1078620,41.973453,-87.65853
41200,2016,33810,1059541,41.973453,-87.65853
41200,2017,33704,1011067,41.973453,-87.65853
41200,2018,33732,1008592,41.973453,-87.65853
41200,2019,33732,970130,41.973453,-87.65853
41200,2020,33832,367329,41.973453,-87.65853
41200,2021,33704,516188,41.973453,-87.65853
41200,2022,33738,717349,41.973453,-87.65853
41200,2023,16766,391828,41.973453,-87.65853
41210,2012,52499,1792400,41.936033,-87.653266
41210,2013,52499,1855000,41.936033,-87.653266
41210,2014,52499,1873580,41.936033,-87.653266
41210,2015,52499,1817146,41.936033,-87.653266
41210,2016,52614,1883834,41.936033,-87.653266
41210,2017,52443,1859722,41.936033,-87.653266
41210,2018,52499,1817832,41.936033,-87.653266
41210,2019,52499,1798246,41.936033,-87.653266
41210,2020,52658,577090,41.936033,-87.653266
41210,2021,52443,618898,41.936033,-87.653266
41210,2022,52511,881356,41.936033,-87.653266
41210,2023,26111,497540,41.936033,-87.653266
41220,2012,86231,13237137,41.925051,-87.652866
41220,2013,86231,12942366,41.925051,-87.652866
41220,2014,86231,12464727,41.925051,-87.652866
41220,2015,86231,12701190,41.925051,-87.652866
41220,2016,86424,12296277,41.925051,-87.652866
41220,2017,86147,11490687,41.925051,-87.652866
41220,2018,86231,11253948,41.925051,-87.652866
41220,2019,86231,11158632,41.925051,-87.652866
41220,2020,86490,3548493,41.925051,-87.652866
41220,2021,86147,4064520,41.925051,-87.652866
41220,2022,86249,6093072,41.925051,-87.652866
41220,2023,42877,3550698,41.925051,-87.652866
41270,2012,22120,332774,41.816462,-87.619021
41270,2013,22120,412299,41.816462,-87.619021
41270,2014,22120,363283,41.816462,-87.619021
41270,2015,22120,354285,41.816462,-87.619021
41270,2016,22180,333499,41.816462,-87.619021
41270,2017,22113,318230,41.816462,-87.619021
41270,2018,22120,311029,41.816462,-87.619021
41270,2019,22120,285416,41.816462,-87.619021
41270,2020,22182,131847,41.816462,-87.619021
41270,2021,22113,115865,41.816462,-87.619021
41270,2022,22125,139988,41.816462,-87.619021
41270,2023,10976,73550,41.816462,-87.619021
41280,2012,29097,2071342,41.970634,-87.760892
41280,2013,29097,2106782,41.970634,-87.760892
41280,2014,29097,2136019,41.970634,-87.760892
41280,2015,29097,2173168,41.970634,-87.760892
41280,2016,29161,2182730,41.970634,-87.760892
41280,2017,29061,2099618,41.970634,-87.760892
41280,2018,29097,1959038,41.970634,-87.760892
41280,2019,29097,1896402,41.970634,-87.760892
41280,2020,29186,826774,41.970634,-87.760892
41280,2021,29061,834589,41.970634,-87.760892
41280,2022,29108,1042823,41.970634,-87.760892
41280,2023,14476,571068,41.970634,-87.760892
41290,2012,28332,1322540,41.967901,-87.713065
41290,2013,28332,1277970,41.967901,-87.713065
41290,2014,28332,1331694,41.967901,-87.713065
41290,2015,28332,1304805,41.967901,-87.713065
41290,2016,28396,1312852,41.967901,-87.713065
41290,2017,28299,1256411,41.967901,-87.713065
41290,2018,28332,1233007,41.967901,-87.713065
41290,2019,28332,1205094,41.967901,-87.713065
41290,2020,28418,495434,41.967901,-87.713065
41290,2021,28299,532675,41.967901,-87.713065
41290,2022,28343,684600,41.967901,-87.713065
41290,2023,14092,379780,41.967901,-87.713065
41300,2012,33732,1839005,42.001073,-87.661061
41300,2013,33732,1815166,42.001073,-87.661061
41300,2014,33732,1827686,42.001073,-87.661061
41300,2015,33732,1821379,42.001073,-87.661061
41300,2016,33810,1783790,42.001073,-87.661061
41300,2017,33704,1701808,42.001073,-87.661061
41300,2018,33732,1680087,42.001073,-87.661061
41300,2019,33732,1663404,42.001073,-87.661061
41300,2020,33832,611755,42.001073,-87.661061
41300,2021,33704,673752,42.001073,-87.661061
41300,2022,33738,838606,42.001073,-87.661061
41300,2023,16766,433754,42.001073,-87.661061
41310,2012,28332,808752,41.943623,-87.670907
41310,2013,28332,876851,41.943623,-87.670907
41310,2014,28332,874963,41.943623,-87.670907
41310,2015,28332,862067,41.943623,-87.670907
41310,2016,28396,865537,41.943623,-87.670907
41310,2017,28299,853137,41.943623,-87.670907
41310,2018,28332,854964,41.943623,-87.670907
41310,2019,28332,849667,41.943623,-87.670907
41310,2020,28418,272270,41.943623,-87.670907
41310,2021,28299,296024,41.943623,-87.670907
41310,2022,28343,416841,41.943623,-87.670907
41310,2023,14092,239765,41.943623,-87.670907
41340,2012,29097,898703,41.875568,-87.631722
41340,2013,29097,913438,41.875568,-87.631722
41340,2014,29097,907789,41.875568,-87.631722
41340,2015,29097,937782,41.875568,-87.631722
41340,2016,29161,981506,41.875568,-87.631722
41340,2017,29061,927654,41.875568,-87.631722
41340,2018,29097,897363,41.875568,-87.631722
41340,2019,29097,873340,41.875568,-87.631722
41340,2020,29186,266598,41.875568,-87.631722
41340,2021,29061,314398,41.875568,-87.631722
41340,2022,29108,463028,41.875568,-87.631722
41340,2023,14476,239403,41.875568,-87.631722
41380,2012,33732,1656872,41.983504,-87.65884
41380,2013,33732,1618079,41.983504,-87.65884
41380,2014,33732,1602282,41.983504,-87.65884
41380,2015,33732,1605838,41.983504,-87.65884
41380,2016,33810,1575462,41.983504,-87.65884
41380,2017,33704,1509613,41.983504,-87.65884
41380,2018,33732,1493107,41.983504,-87.65884
41380,2019,33732,1390206,41.983504,-87.65884
41380,2020,33832,474348,41.983504,-87.65884
41380,2021,33704,517955,41.983504,-87.65884
41380,2022,33738,634762,41.983504,-87.65884
41380,2023,16766,348363,41.983504,-87.65884
41400,2012,79548,11418321,41.867368,-87.627402
41400,2013,79548,11976255,41.867368,-87.627402
41400,2014,79548,11825343,41.867368,-87.627402
41400,2015,79548,11448051,41.867368,-87.627402
41400,2016,79750,11419041,41.867368,-87.627402
41400,2017,79508,11207466,41.867368,-87.627402
41400,2018,79548,10664901,41.867368,-87.627402
41400,2019,79548,10400730,41.867368,-87.627402
41400,2020,79776,3941775,41.867368,-87.627402
41400,2021,79508,4556922,41.867368,-87.627402
41400,2022,79562,5837511,41.867368,-87.627402
41400,2023,39498,3040227,41.867368,-87.627402
41430,2012,33732,1587298,41.735372,-87.624717
41430,2013,30988,770551,41.735372,-87.624717
41430,2014,33732,1506362,41.735372,-87.624717
41430,2015,33732,1516456,41.735372,-87.624717
41430,2016,33810,1408573,41.735372,-87.624717
41430,2017,33704,1320551,41.735372,-87.624717
41430,2018,33732,1286860,41.735372,-87.624717
41430,2019,33732,1186724,41.735372,-87.624717
41430,2020,33832,551680,41.735372,-87.624717
41430,2021,33704,470911,41.735372,-87.624717
41430,2022,33738,515205,41.735372,-87.624717
41430,2023,16766,257130,41.735372,-87.624717
41490,2012,33732,1414183,41.874039,-87.627479
41490,2013,33732,1391699,41.874039,-87.627479
41490,2014,33732,1348807,41.874039,-87.627479
41490,2015,33732,1497362,41.874039,-87.627479
41490,2016,33810,1474391,41.874039,-87.627479
41490,2017,33704,1358884,41.874039,-87.627479
41490,2018,33732,1300754,41.874039,-87.627479
41490,2019,33732,1212514,41.874039,-87.627479
41490,2020,33832,355774,41.874039,-87.627479
41490,2021,33704,500133,41.874039,-87.627479
41490,2022,33738,665812,41.874039,-87.627479
41490,2023,16766,344561,41.874039,-87.627479
41670,2012,22120,300502,41.884904,-87.716523
41670,2013,22120,287338,41.884904,-87.716523
41670,2014,22120,309593,41.884904,-87.716523
41670,2015,22120,327840,41.884904,-87.716523
41670,2016,22180,304456,41.884904,-87.716523
41670,2017,22113,284094,41.884904,-87.716523
41670,2018,22120,296282,41.884904,-87.716523
41670,2019,22120,278726,41.884904,-87.716523
41670,2020,22182,168271,41.884904,-87.716523
41670,2021,22113,170252,41.884904,-87.716523
41670,2022,22125,182944,41.884904,-87.716523
41670,2023,10976,95920,41.884904,-87.716523
41680,2012,15446,173746,42.02624348,-87.74722084
41680,2013,20510,283327,42.02624348,-87.74722084
41680,2014,20510,301125,42.02624348,-87.74722084
41680,2015,20510,149883,42.02624348,-87.74722084
41680,2016,20562,276500,42.02624348,-87.74722084
41680,2017,20504,295088,42.02624348,-87.74722084
41680,2018,20510,287028,42.02624348,-87.74722084
41680,2019,20510,274960,42.02624348,-87.74722084
41680,2020,20568,100396,42.02624348,-87.74722084
41680,2021,20504,97797,42.02624348,-87.74722084
41680,2022,20510,128043,42.02624348,-87.74722084
41680,2023,10180,71200,42.02624348,-87.74722084
41700,2017,39116,4067956,41.88322,-87.626189
41700,2018,93401,12715524,41.88322,-87.626189
41700,2019,93401,12504280,41.88322,-87.626189
41700,2020,93668,4329148,41.88322,-87.626189
41700,2021,93358,5285504,41.88322,-87.626189
41700,2022,93414,7087684,41.88322,-87.626189
41700,2023,46373,3789396,41.88322,-87.626189
